date,trip_count,avg_trip_minutes,member_trips,casual_trips,ADPT,ASLP,ASTP,AWBT,AWND,PRCP,RHAV,RHMN,RHMX,SNOW,SNWD,TAVG,TMAX,TMIN,WDF2,WDF5,WSF2,WSF5,WT01,WT02,WT03,WT04,WT06,WT08,WT09
2022-01-01,20428,32.92466304745121,14040,6388,100.0,10078.0,10078.0,106.0,2.8,19.3,89.0,83.0,93.0,0.0,0.0,11.6,13.9,10.0,200.0,200.0,6.3,7.6,1.0,,,,,,
2022-01-02,43009,39.52875276143753,31016,11993,67.0,10051.0,10024.0,83.0,4.3,1.0,80.0,63.0,93.0,0.0,0.0,11.4,15.6,3.9,310.0,310.0,12.5,14.8,1.0,,,,,,
2022-01-03,33189,42.55643763345285,28717,4472,-100.0,10196.0,10169.0,-39.0,6.4,0.0,49.0,38.0,62.0,0.0,0.0,1.4,3.9,-4.3,340.0,350.0,12.5,15.2,,,,,,,
2022-01-04,36842,49.94331475580406,31669,5173,-117.0,10281.0,10268.0,-44.0,3.9,0.0,48.0,35.0,60.0,0.0,0.0,-2.7,2.2,-6.0,320.0,350.0,8.9,12.1,,,,,,,
2022-01-05,34230,35.11444932028435,29313,4917,6.0,10132.0,10139.0,33.0,3.4,6.1,76.0,52.0,86.0,0.0,0.0,3.2,8.9,0.0,250.0,200.0,6.7,10.7,1.0,,,,,1.0,
2022-01-06,44787,29.77198753693408,38231,6556,-72.0,10115.0,10095.0,0.0,5.0,0.0,45.0,33.0,73.0,0.0,0.0,4.9,6.1,2.2,290.0,270.0,12.5,14.8,,,,,,,
2022-01-07,17401,42.64554581920579,15068,2333,-67.0,10125.0,10102.0,-22.0,8.3,8.4,63.0,44.0,88.0,246.0,200.0,0.7,2.2,-2.1,300.0,290.0,13.0,17.4,1.0,,,,,,
2022-01-08,24455,47.07671009882097,20427,4028,-139.0,10332.0,10305.0,-56.0,4.8,0.0,43.0,30.0,55.0,0.0,130.0,-2.5,0.0,-4.9,310.0,300.0,12.5,15.7,,,,,,,
2022-01-09,21479,37.01781238496516,17967,3512,-33.0,10224.0,10230.0,6.0,4.9,2.8,65.0,41.0,83.0,0.0,80.0,1.4,5.6,-1.0,210.0,210.0,9.4,12.1,,,,,,,
2022-01-10,34727,32.152228413050366,30773,3954,-111.0,10196.0,10173.0,-33.0,7.5,0.0,44.0,33.0,65.0,0.0,0.0,1.6,5.6,-3.2,310.0,320.0,11.6,15.7,,,,,,,
2022-01-11,26824,29.43676339223581,24119,2705,-178.0,10312.0,10288.0,-89.0,6.4,0.0,41.0,33.0,57.0,0.0,0.0,-5.4,-3.2,-8.2,320.0,310.0,12.5,16.5,,,,,,,
2022-01-12,40568,28.33706308749096,35577,4991,-106.0,10224.0,10224.0,-28.0,4.4,0.0,44.0,36.0,55.0,0.0,0.0,-1.9,5.6,-6.6,220.0,220.0,8.9,11.2,,,,,,,
2022-01-13,50572,17.110270120817844,43228,7344,-22.0,10149.0,10146.0,17.0,2.6,0.0,64.0,46.0,79.0,0.0,0.0,4.0,7.8,0.6,50.0,60.0,5.8,7.6,,,,,,,
2022-01-14,45714,18.32092296451853,38897,6817,-33.0,10098.0,10081.0,6.0,7.6,0.0,64.0,57.0,82.0,0.0,0.0,4.8,6.1,-5.5,350.0,360.0,13.4,18.3,,,,,,,
2022-01-15,22839,18.593184066727968,19413,3426,-178.0,10247.0,10217.0,-106.0,5.8,0.0,48.0,34.0,62.0,0.0,0.0,-6.7,-5.5,-10.5,330.0,330.0,10.7,13.9,,,,,,,
2022-01-16,20930,18.656597906513777,17662,3268,-111.0,10237.0,10217.0,-67.0,5.5,9.1,66.0,46.0,89.0,15.0,0.0,-8.0,4.4,-12.1,50.0,80.0,10.3,13.0,1.0,,,,,,
2022-01-17,29084,14.222136565923991,25010,4074,-11.0,9895.0,9895.0,22.0,8.6,26.9,69.0,50.0,89.0,0.0,0.0,3.9,7.8,1.7,60.0,60.0,16.1,19.2,1.0,,,,,1.0,
2022-01-18,42935,14.719666712860526,37837,5098,-94.0,10119.0,10081.0,-22.0,8.4,0.0,45.0,33.0,54.0,0.0,0.0,1.8,3.3,-0.5,310.0,300.0,14.8,19.2,,,,,,,
2022-01-19,54011,14.177843636790035,46684,7327,-56.0,10176.0,10169.0,11.0,4.7,0.0,46.0,33.0,61.0,0.0,0.0,3.2,10.6,-1.6,200.0,200.0,9.4,13.0,,,,,,1.0,
2022-01-20,33928,14.674509433702744,29681,4247,-56.0,10210.0,10179.0,-6.0,5.4,6.4,60.0,40.0,85.0,8.0,0.0,5.1,8.3,-4.9,350.0,340.0,9.8,12.1,1.0,,,,,,
2022-01-21,33598,13.462414738972557,29676,3922,-178.0,10335.0,10318.0,-94.0,6.2,0.0,43.0,38.0,51.0,0.0,0.0,-6.0,-4.9,-9.3,10.0,20.0,11.2,13.9,,,,,,,
2022-01-22,31969,16.54076244434713,26573,5396,-150.0,10264.0,10268.0,-72.0,3.4,0.0,46.0,35.0,53.0,0.0,0.0,-5.9,-1.0,-9.9,20.0,30.0,7.2,8.9,,,,,,,
2022-01-23,32967,15.52248379844491,27197,5770,-117.0,10122.0,10122.0,-33.0,4.2,0.3,44.0,29.0,79.0,5.0,0.0,-0.7,3.3,-3.2,240.0,270.0,8.9,12.1,,,,,,1.0,
2022-01-24,41488,12.191862688809616,36836,4652,-67.0,10115.0,10102.0,-22.0,3.6,0.0,61.0,52.0,73.0,5.0,0.0,-0.2,3.3,-2.1,190.0,340.0,6.7,8.5,,,,,,1.0,
2022-01-25,50692,12.697039755780004,44454,6238,-56.0,10146.0,10119.0,0.0,4.7,0.0,54.0,41.0,65.0,0.0,0.0,3.6,6.1,-1.0,300.0,200.0,9.4,12.5,,,,,,1.0,
2022-01-26,42005,12.533845233900728,37328,4677,-161.0,10274.0,10251.0,-67.0,5.6,0.0,38.0,29.0,53.0,0.0,0.0,-2.3,-1.0,-6.0,320.0,320.0,10.7,14.3,,,,,,,
2022-01-27,43830,12.513118249296523,38701,5129,-139.0,10288.0,10284.0,-61.0,3.7,0.0,44.0,36.0,54.0,0.0,0.0,-4.2,0.0,-7.7,160.0,180.0,7.6,9.4,,,,,,,
2022-01-28,34871,13.080735049181268,30938,3933,-61.0,10193.0,10190.0,-22.0,3.5,2.8,67.0,38.0,85.0,33.0,0.0,0.1,1.7,-1.0,30.0,30.0,8.1,11.2,1.0,,,,,1.0,
2022-01-29,2848,31.679609234550565,2350,498,-122.0,10061.0,10054.0,-78.0,10.2,12.4,66.0,39.0,88.0,206.0,130.0,-4.8,-1.0,-9.3,340.0,350.0,14.3,20.6,1.0,,,,,1.0,1.0
2022-01-30,9486,26.220889315833865,8396,1090,-161.0,10163.0,10135.0,-83.0,6.1,0.0,45.0,37.0,54.0,0.0,180.0,-7.1,-2.7,-9.9,310.0,310.0,12.5,16.5,,,,,,,
2022-01-31,22349,17.07234280803019,20235,2114,-128.0,10278.0,10254.0,-56.0,2.9,0.0,48.0,39.0,60.0,0.0,150.0,-3.4,-1.0,-7.1,50.0,60.0,4.5,7.2,,,,,,,
2022-02-01,29338,16.408870675119868,26406,2932,-83.0,10335.0,10322.0,-33.0,3.4,0.0,56.0,47.0,70.0,0.0,130.0,-1.7,2.8,-4.3,60.0,60.0,6.7,9.4,,,,,,,
2022-02-02,41947,15.44623845845154,37094,4853,0.0,10298.0,10295.0,17.0,2.3,0.0,79.0,70.0,89.0,0.0,100.0,2.3,5.6,-0.5,40.0,60.0,4.5,5.8,1.0,,,,,1.0,
2022-02-03,26568,19.39161416491017,23390,3178,50.0,10224.0,10224.0,61.0,2.6,10.7,87.0,86.0,92.0,0.0,50.0,6.4,8.9,3.9,190.0,170.0,4.5,6.3,1.0,1.0,,,,1.0,
2022-02-04,20309,14.6355022141251,18054,2255,6.0,10129.0,10112.0,22.0,5.3,18.8,81.0,72.0,87.0,0.0,0.0,5.8,12.8,-2.1,310.0,320.0,10.7,12.5,1.0,,,,1.0,,
2022-02-05,29638,13.523175037676856,24878,4760,-111.0,10251.0,10217.0,-56.0,7.9,0.0,56.0,46.0,75.0,0.0,0.0,-2.8,-1.6,-6.0,310.0,300.0,13.0,16.1,,,,,,,
2022-02-06,28887,15.309483133704896,24207,4680,-122.0,10356.0,10342.0,-61.0,3.2,0.0,52.0,37.0,69.0,0.0,0.0,-4.8,0.0,-8.2,180.0,180.0,6.3,8.1,,,,,,,
2022-02-07,30717,11.9096401818754,27736,2981,-11.0,10240.0,10247.0,6.0,3.1,3.8,84.0,72.0,89.0,0.0,0.0,0.5,4.4,-0.5,40.0,50.0,5.8,7.6,1.0,,,1.0,,1.0,
2022-02-08,51893,12.817004983331085,45666,6227,-28.0,10139.0,10122.0,11.0,5.7,2.0,62.0,42.0,86.0,0.0,0.0,4.1,8.3,1.1,310.0,310.0,11.6,14.3,1.0,,,,,,
2022-02-09,56007,13.892379660875724,49021,6986,-56.0,10169.0,10159.0,0.0,3.7,0.0,54.0,35.0,79.0,0.0,0.0,2.8,6.7,-0.5,270.0,260.0,7.6,10.7,,,,,,,
2022-02-10,61937,14.74052279493679,52706,9231,-33.0,10115.0,10102.0,28.0,4.4,0.0,51.0,23.0,89.0,0.0,0.0,6.3,13.3,1.1,270.0,270.0,12.5,16.1,1.0,,,,,1.0,
2022-02-11,64614,15.713164568824093,52601,12013,-28.0,10142.0,10132.0,39.0,5.0,0.0,46.0,24.0,63.0,0.0,0.0,8.6,13.3,2.8,170.0,170.0,11.2,14.8,,,,,,,
2022-02-12,68575,21.255207833515616,48006,20569,-28.0,10139.0,10119.0,56.0,5.9,0.0,36.0,24.0,50.0,0.0,0.0,11.8,15.6,5.6,260.0,270.0,11.2,14.8,,,,,,,
2022-02-13,20384,14.326304664606226,17002,3382,-50.0,10193.0,10183.0,-17.0,4.7,4.8,69.0,47.0,85.0,61.0,30.0,2.8,5.6,-3.2,350.0,320.0,8.1,11.6,1.0,,,,,1.0,
2022-02-14,34198,13.056924396650878,30627,3571,-167.0,10220.0,10196.0,-78.0,7.9,0.0,41.0,32.0,54.0,0.0,50.0,-4.3,-2.7,-7.7,320.0,300.0,11.6,15.2,,,,,,,
2022-02-15,40550,12.37458834484176,36179,4371,-172.0,10369.0,10345.0,-72.0,4.9,0.0,36.0,23.0,45.0,0.0,0.0,-4.7,0.0,-7.7,310.0,320.0,9.4,11.2,,,,,,,
2022-02-16,53683,13.161434912976796,46703,6980,-39.0,10362.0,10362.0,11.0,4.5,0.0,59.0,43.0,74.0,0.0,0.0,1.6,8.3,-2.7,190.0,180.0,8.9,11.2,,,,,,,
2022-02-17,67432,16.095799293609364,55659,11773,61.0,10179.0,10193.0,94.0,5.6,7.6,65.0,48.0,83.0,0.0,0.0,11.6,17.2,8.3,160.0,210.0,9.4,12.5,1.0,,,,,,
2022-02-18,47038,14.7300262900917,39690,7348,-28.0,10075.0,10041.0,33.0,9.1,6.4,51.0,33.0,81.0,0.0,0.0,9.9,17.2,-2.1,320.0,310.0,16.5,22.4,,,,,,,
2022-02-19,32450,15.943864109912688,26250,6200,-122.0,10169.0,10152.0,-39.0,7.6,0.0,41.0,29.0,54.0,0.0,0.0,0.1,5.0,-3.8,300.0,290.0,16.5,20.6,,,,,,,
2022-02-20,31051,18.22445836849055,24720,6331,-133.0,10291.0,10278.0,-50.0,5.8,0.0,42.0,28.0,54.0,0.0,0.0,-2.6,2.2,-5.5,310.0,310.0,15.7,21.9,,,,,,,
2022-02-21,52366,27.479718911762088,40074,12292,-44.0,10271.0,10257.0,17.0,3.4,0.0,51.0,30.0,82.0,0.0,0.0,4.1,12.2,0.6,210.0,220.0,7.2,10.3,,,,,,,
2022-02-22,36459,15.26395788922717,31457,5002,50.0,10224.0,10224.0,61.0,4.5,5.8,86.0,74.0,93.0,0.0,0.0,5.6,13.3,2.2,170.0,180.0,10.3,13.9,1.0,1.0,,,,1.0,
2022-02-23,66325,16.15082304962935,53782,12543,44.0,10159.0,10135.0,89.0,6.4,0.0,60.0,29.0,86.0,0.0,0.0,14.4,20.0,2.2,320.0,320.0,14.3,17.9,,,,,,,
2022-02-24,44725,13.751836163592325,39120,5605,-117.0,10305.0,10288.0,-33.0,4.8,0.0,43.0,30.0,52.0,0.0,0.0,1.1,2.2,-1.6,330.0,330.0,9.4,11.6,,,,,,,
2022-02-25,30412,14.400198657328248,26329,4083,-39.0,10203.0,10196.0,-11.0,6.6,20.8,72.0,48.0,89.0,8.0,0.0,0.8,6.1,-2.7,320.0,320.0,11.6,15.7,1.0,,,1.0,1.0,,
2022-02-26,41415,15.56168730572659,32462,8953,-111.0,10281.0,10274.0,-39.0,5.0,0.0,46.0,35.0,55.0,0.0,0.0,-1.1,3.3,-4.3,320.0,310.0,10.7,14.3,,,,,,,
2022-02-27,42805,18.32299093408091,33094,9711,-100.0,10163.0,10156.0,-11.0,7.2,0.0,39.0,22.0,54.0,0.0,0.0,2.4,8.9,-1.0,310.0,250.0,13.4,19.2,,,,,,,
2022-02-28,45636,14.69112605180121,39971,5665,-156.0,10240.0,10217.0,-44.0,5.2,0.0,31.0,21.0,59.0,0.0,0.0,0.8,2.2,-2.7,320.0,320.0,11.2,15.7,,,,,,,
2022-03-01,56019,13.520108457547142,48672,7347,-50.0,10196.0,10200.0,11.0,4.2,0.0,53.0,26.0,77.0,0.0,0.0,2.6,8.9,-0.5,170.0,190.0,10.3,13.0,,,,,,,
2022-03-02,67108,14.32067855943653,56644,10464,-22.0,10142.0,10135.0,33.0,4.7,0.0,52.0,27.0,74.0,0.0,0.0,7.7,11.7,4.4,310.0,310.0,8.1,10.3,,,,,,,
2022-03-03,55408,13.57345349588507,47799,7609,-89.0,10183.0,10152.0,-6.0,8.2,0.8,42.0,28.0,71.0,0.0,0.0,5.6,8.9,-3.8,310.0,320.0,13.4,17.0,,,,,,,
2022-03-04,49704,13.144485918638338,41927,7777,-150.0,10322.0,10308.0,-50.0,4.2,0.0,34.0,23.0,48.0,0.0,0.0,-1.9,3.3,-5.5,340.0,310.0,9.4,11.2,,,,,,,
2022-03-05,51358,17.751380862767242,39159,12199,-61.0,10312.0,10301.0,6.0,3.0,0.0,49.0,28.0,67.0,0.0,0.0,3.1,7.2,-0.5,160.0,180.0,8.1,10.3,,,,,,,
2022-03-06,54531,19.09786602635809,39193,15338,78.0,10166.0,10166.0,100.0,4.7,1.3,73.0,63.0,84.0,0.0,0.0,9.6,20.0,3.9,220.0,210.0,9.8,13.0,,,,,,,
2022-03-07,67882,15.6855161412451,55062,12820,89.0,10061.0,10058.0,133.0,6.2,1.3,57.0,36.0,67.0,0.0,0.0,18.2,23.3,10.0,290.0,290.0,20.1,25.0,,,,,,,
2022-03-08,62178,14.279977067719557,52956,9222,-72.0,10176.0,10146.0,11.0,8.2,0.0,39.0,30.0,48.0,0.0,0.0,8.7,10.0,4.4,310.0,310.0,17.0,20.6,,,,,,,
2022-03-09,28088,12.941554567786955,24993,3095,-28.0,10173.0,10163.0,11.0,4.4,14.7,73.0,37.0,92.0,15.0,0.0,3.2,5.0,0.6,40.0,40.0,7.6,9.4,1.0,,,1.0,,,
2022-03-10,66071,14.3294239603356,55606,10465,-17.0,10207.0,10193.0,22.0,2.5,0.0,65.0,36.0,93.0,0.0,0.0,4.0,10.0,0.0,170.0,130.0,5.4,6.7,1.0,,,,,1.0,
2022-03-11,69316,16.671986950824245,55021,14295,-17.0,10166.0,10166.0,39.0,3.1,0.0,56.0,22.0,86.0,0.0,0.0,7.2,11.7,2.2,150.0,160.0,7.2,9.4,,,,,,1.0,
2022-03-12,19628,17.28959153080633,16120,3508,-28.0,9983.0,9970.0,6.0,8.4,11.9,72.0,37.0,93.0,23.0,0.0,5.1,8.3,-3.8,320.0,300.0,17.9,21.5,1.0,1.0,,,,,
2022-03-13,30833,16.621385362003913,25092,5741,-133.0,10210.0,10179.0,-50.0,7.3,0.0,42.0,29.0,66.0,3.0,0.0,-2.3,1.7,-4.9,290.0,300.0,16.1,21.5,,,,,,,
2022-03-14,63206,16.138556910736323,51453,11753,-44.0,10274.0,10261.0,28.0,4.4,0.0,43.0,27.0,59.0,0.0,0.0,5.3,13.9,1.1,160.0,210.0,8.1,10.3,,,,,,,
2022-03-15,78946,17.55622189914625,62770,16176,-6.0,10220.0,10217.0,67.0,4.1,0.0,41.0,24.0,53.0,0.0,0.0,11.6,20.0,7.8,310.0,310.0,11.2,13.0,,,,,,,
2022-03-16,81449,16.94155121118737,64361,17088,28.0,10217.0,10203.0,78.0,3.5,0.0,54.0,38.0,83.0,0.0,0.0,13.6,17.8,6.1,170.0,280.0,7.6,10.3,,,,,,,
2022-03-17,50004,17.603056450150653,41530,8474,67.0,10159.0,10159.0,78.0,4.1,2.8,89.0,20.0,100.0,0.0,0.0,8.2,12.8,5.6,50.0,40.0,7.2,8.5,1.0,1.0,,,,1.0,
2022-03-18,92837,20.560949633048605,66524,26313,89.0,10152.0,10135.0,111.0,3.4,0.0,75.0,34.0,97.0,0.0,0.0,13.9,22.8,9.4,160.0,170.0,7.2,8.9,1.0,1.0,,,,1.0,
2022-03-19,77861,21.407567516043542,51524,26337,100.0,10088.0,10085.0,122.0,3.3,1.8,76.0,61.0,93.0,0.0,0.0,13.1,20.0,7.8,160.0,160.0,7.2,8.5,1.0,1.0,1.0,,,1.0,
2022-03-20,65417,22.99466317394561,45313,20104,28.0,10088.0,10068.0,78.0,7.3,0.0,52.0,44.0,72.0,0.0,0.0,14.3,16.1,7.8,310.0,310.0,14.3,17.9,,,,,,,
2022-03-21,73209,17.931194591056656,57913,15296,-39.0,10173.0,10152.0,50.0,6.4,0.0,36.0,21.0,56.0,0.0,0.0,10.4,16.7,6.7,310.0,290.0,12.5,15.7,,,,,,,
2022-03-22,75235,15.7003740741233,61036,14199,-94.0,10210.0,10190.0,33.0,7.2,0.0,25.0,14.0,43.0,0.0,0.0,10.7,13.9,6.7,310.0,320.0,11.2,13.4,,,,,,,
2022-03-23,60865,14.22017326706646,51250,9615,-56.0,10230.0,10224.0,17.0,5.2,2.8,46.0,30.0,82.0,0.0,0.0,7.2,8.3,3.9,110.0,50.0,8.9,10.3,,,,,,,
2022-03-24,45793,12.689683404668836,39254,6539,44.0,10122.0,10125.0,56.0,7.6,25.9,88.0,83.0,93.0,0.0,0.0,5.7,8.3,3.9,50.0,50.0,12.5,15.2,1.0,,,,,,
2022-03-25,74873,16.620056592719227,57669,17204,22.0,10024.0,10014.0,72.0,4.8,0.8,57.0,38.0,90.0,0.0,0.0,9.6,15.6,6.7,260.0,270.0,9.8,13.9,1.0,,,,,,
2022-03-26,62151,21.43016980794088,44161,17990,-11.0,9983.0,9973.0,50.0,5.5,1.0,49.0,38.0,66.0,0.0,0.0,10.4,11.7,6.1,270.0,250.0,10.7,14.3,,,1.0,,,,
2022-03-27,45625,18.108303925844748,34455,11170,-56.0,10041.0,10020.0,6.0,8.2,0.0,48.0,38.0,65.0,0.0,0.0,5.9,7.2,-1.0,310.0,290.0,13.9,17.0,,,,,,,
2022-03-28,38135,13.207065995367335,33802,4333,-156.0,10132.0,10122.0,-61.0,9.9,0.0,37.0,23.0,51.0,0.0,0.0,-1.5,0.0,-4.3,330.0,270.0,14.3,18.8,,,,,,,
2022-03-29,48426,13.104532882129435,42562,5864,-122.0,10203.0,10186.0,-39.0,8.5,0.0,41.0,29.0,53.0,0.0,0.0,-1.2,2.8,-3.8,310.0,290.0,12.5,15.7,,,,,,,
2022-03-30,61254,13.480222068490765,52504,8750,-94.0,10210.0,10207.0,-6.0,3.9,0.0,40.0,19.0,68.0,0.0,0.0,2.6,8.3,-1.0,310.0,310.0,9.4,10.7,,,,,,,
2022-03-31,72625,15.193521785886404,59236,13389,89.0,10047.0,10051.0,106.0,4.8,1.3,79.0,68.0,97.0,0.0,0.0,9.9,17.8,5.6,180.0,160.0,10.3,14.3,1.0,1.0,,,,1.0,
2022-04-01,68479,15.058485966987446,54413,14066,11.0,10034.0,10007.0,67.0,7.6,6.6,55.0,29.0,90.0,0.0,0.0,13.1,16.1,6.1,290.0,290.0,16.1,20.6,1.0,,,,,,
2022-04-02,73254,20.031499987258943,49956,23298,-44.0,10163.0,10152.0,28.0,6.1,0.0,46.0,25.0,73.0,0.0,0.0,7.2,12.8,3.9,310.0,310.0,13.0,16.1,,,,,,,
2022-04-03,37164,15.775767143382485,28709,8455,17.0,10098.0,10091.0,44.0,4.0,2.3,69.0,60.0,83.0,0.0,0.0,7.0,7.8,5.0,300.0,290.0,11.2,14.8,,,,,,,
2022-04-04,68902,14.633298346685631,56300,12602,-28.0,10146.0,10135.0,39.0,5.4,0.0,47.0,32.0,65.0,0.0,0.0,7.6,12.2,4.4,310.0,300.0,10.7,13.4,,,,,,,
2022-04-05,72629,14.247987864351703,60637,11992,-6.0,10166.0,10159.0,56.0,3.4,1.5,53.0,31.0,83.0,0.0,0.0,9.7,12.8,6.7,160.0,160.0,7.6,8.9,,,,,,,
2022-04-06,48443,15.225737201109206,40846,7597,61.0,10102.0,10091.0,78.0,6.9,9.1,85.0,77.0,93.0,0.0,0.0,8.6,11.7,6.7,50.0,60.0,13.4,17.4,1.0,,,,,,
2022-04-07,35322,12.599632765698432,30922,4400,72.0,10064.0,10064.0,83.0,7.5,24.6,84.0,73.0,90.0,0.0,0.0,9.1,13.3,7.8,130.0,110.0,15.7,22.4,1.0,,1.0,,,1.0,
2022-04-08,88195,18.37530529810836,66714,21481,28.0,10024.0,10003.0,83.0,4.7,1.0,53.0,20.0,93.0,0.0,0.0,12.8,17.8,10.0,290.0,280.0,8.9,12.5,1.0,,,,,,
2022-04-09,67329,18.763686016674335,47685,19644,28.0,10034.0,10020.0,72.0,4.4,0.5,58.0,43.0,74.0,0.0,0.0,11.4,13.3,8.9,310.0,310.0,11.2,13.9,,,,,,,
2022-04-10,57144,19.213013349024685,41669,15475,-28.0,10088.0,10064.0,39.0,7.9,0.0,47.0,36.0,63.0,0.0,0.0,8.6,9.4,6.1,320.0,300.0,13.4,16.1,,,,,,,
2022-04-11,75355,15.789054446508748,60200,15155,-22.0,10183.0,10169.0,50.0,4.7,0.0,46.0,23.0,64.0,0.0,0.0,8.8,15.6,5.6,190.0,190.0,9.8,11.6,,,,,,,
2022-04-12,93575,19.092856147831508,68249,25326,50.0,10163.0,10152.0,100.0,3.3,1.0,54.0,27.0,75.0,0.0,0.0,13.4,21.7,10.0,300.0,310.0,7.2,9.4,,,,,,,
2022-04-13,98764,17.998356625896076,74733,24031,83.0,10149.0,10146.0,117.0,3.4,0.0,63.0,40.0,77.0,0.0,0.0,15.4,20.6,10.0,170.0,140.0,7.6,10.7,,,,,,,
2022-04-14,90635,19.451324612640445,67705,22930,89.0,10085.0,10068.0,122.0,4.9,2.8,63.0,33.0,81.0,0.0,0.0,16.3,21.7,12.8,320.0,320.0,12.5,16.1,,,1.0,,,,
2022-04-15,99636,20.176286017771357,67011,32625,-39.0,10183.0,10166.0,72.0,5.5,0.0,29.0,13.0,53.0,0.0,0.0,15.7,20.6,10.6,180.0,180.0,13.0,17.0,,,,,,,
2022-04-16,82188,21.62049927544167,50913,31275,22.0,10129.0,10119.0,83.0,5.6,3.6,47.0,29.0,79.0,0.0,0.0,15.7,21.1,7.2,330.0,330.0,11.6,14.3,,,,,,,
2022-04-17,54110,28.106212335674243,36641,17469,-50.0,10203.0,10179.0,28.0,7.0,0.0,42.0,27.0,74.0,0.0,0.0,8.3,10.0,5.6,290.0,290.0,12.5,16.1,,,,,,,
2022-04-18,55811,14.52706287470212,44925,10886,-28.0,10230.0,10240.0,39.0,5.7,23.4,50.0,32.0,86.0,0.0,0.0,7.9,11.7,5.0,70.0,80.0,11.6,14.8,1.0,,,,,,
2022-04-19,58873,14.522317229743118,48926,9947,-6.0,10071.0,10051.0,44.0,8.8,29.0,58.0,35.0,90.0,0.0,0.0,7.6,10.0,4.4,260.0,280.0,14.3,18.3,1.0,,,,,,
2022-04-20,85294,16.704185085898967,65149,20145,-33.0,10264.0,10237.0,50.0,5.5,0.0,41.0,22.0,71.0,0.0,0.0,9.4,15.6,6.1,300.0,290.0,11.6,14.8,,,,,,,
2022-04-21,77520,15.58258215879773,60782,16738,28.0,10298.0,10295.0,72.0,5.4,0.0,59.0,34.0,83.0,0.0,0.0,10.6,15.0,7.2,170.0,170.0,11.6,16.1,,,,,,,
2022-04-22,97494,19.272851772587718,68940,28554,6.0,10274.0,10261.0,89.0,4.8,0.0,39.0,19.0,67.0,0.0,0.0,14.6,20.0,11.1,300.0,330.0,10.3,12.5,,,,,,,
2022-04-23,94585,21.397835013127523,58927,35658,11.0,10271.0,10268.0,72.0,3.1,0.0,45.0,31.0,59.0,0.0,0.0,13.3,16.1,10.0,180.0,150.0,7.2,8.5,,,,,,,
2022-04-24,83406,21.107273891366727,53642,29764,6.0,10227.0,10230.0,72.0,4.1,0.0,47.0,32.0,77.0,0.0,0.0,12.8,15.6,8.9,40.0,150.0,8.1,10.3,,,,,,,
2022-04-25,72682,17.630071652999824,58750,13932,17.0,10237.0,10230.0,67.0,4.2,0.0,54.0,39.0,66.0,0.0,0.0,10.4,14.4,7.8,140.0,60.0,6.3,8.9,,,,,,,
2022-04-26,74947,14.514176956827267,61684,13263,83.0,10169.0,10169.0,100.0,3.8,1.3,80.0,59.0,89.0,0.0,0.0,11.5,15.6,10.0,50.0,40.0,7.6,10.7,1.0,,,,,1.0,
2022-04-27,82446,15.700949377168085,67192,15254,-22.0,10139.0,10125.0,50.0,9.6,0.0,43.0,28.0,74.0,0.0,0.0,11.6,15.0,5.6,310.0,310.0,13.9,17.4,,,,,,,
2022-04-28,78531,15.679303056117966,63402,15129,-83.0,10159.0,10146.0,28.0,9.3,0.0,31.0,16.0,55.0,0.0,0.0,8.2,13.3,5.0,320.0,320.0,13.9,18.3,,,,,,,
2022-04-29,87089,17.38255710422671,65581,21508,-111.0,10179.0,10166.0,33.0,7.7,0.0,21.0,11.0,32.0,0.0,0.0,10.4,16.7,5.6,330.0,320.0,13.4,15.7,,,,,,,
2022-04-30,101537,23.785245148402392,63457,38080,-61.0,10190.0,10179.0,56.0,3.6,0.0,27.0,18.0,49.0,0.0,0.0,12.9,19.4,8.3,160.0,350.0,7.2,9.4,,,,,,,
2022-05-01,94657,26.00394555641245,58022,36635,11.0,10193.0,10179.0,83.0,3.8,0.0,46.0,23.0,74.0,0.0,0.0,13.6,19.4,8.9,160.0,150.0,7.2,8.9,,,,,,,
2022-05-02,54536,14.544521873319152,43733,10803,83.0,10176.0,10163.0,100.0,4.3,8.9,83.0,60.0,89.0,0.0,0.0,12.1,13.9,10.0,130.0,40.0,8.9,10.3,1.0,,1.0,,,1.0,
2022-05-03,92564,16.190239882495717,72817,19747,78.0,10203.0,10190.0,100.0,4.5,0.0,73.0,58.0,86.0,0.0,0.0,12.4,16.1,10.0,50.0,50.0,7.6,10.3,1.0,,,,,,
2022-05-04,79594,15.22031378202712,63422,16172,94.0,10152.0,10142.0,111.0,2.7,3.0,80.0,63.0,89.0,0.0,0.0,12.0,19.4,10.0,60.0,60.0,6.3,8.1,1.0,,,,,1.0,
2022-05-05,110355,17.630841545919985,83518,26837,67.0,10173.0,10163.0,117.0,4.1,0.0,50.0,29.0,74.0,0.0,0.0,17.2,21.7,13.3,340.0,360.0,7.2,9.4,,,,,,,
2022-05-06,35170,13.555688732821531,29329,5841,89.0,10132.0,10125.0,111.0,3.8,18.8,78.0,54.0,87.0,0.0,0.0,14.8,16.7,10.0,110.0,110.0,7.6,9.8,1.0,,,,,,
2022-05-07,20557,14.07535483209288,17219,3338,56.0,10112.0,10095.0,78.0,8.9,26.9,76.0,52.0,89.0,0.0,0.0,10.0,11.1,7.8,50.0,50.0,14.8,17.9,1.0,,,,,,
2022-05-08,62745,16.79863587111855,46770,15975,-11.0,10190.0,10173.0,61.0,8.0,0.5,43.0,26.0,61.0,0.0,0.0,10.4,15.0,7.8,60.0,60.0,13.4,16.1,,,,,,,
2022-05-09,93995,16.03639844388886,74915,19080,-50.0,10234.0,10224.0,61.0,7.0,0.0,27.0,17.0,37.0,0.0,0.0,13.5,20.6,8.3,50.0,50.0,10.7,12.5,,,,,,,
2022-05-10,104600,19.02257965025494,83685,20915,-17.0,10268.0,10251.0,78.0,6.4,0.0,33.0,18.0,59.0,0.0,0.0,15.4,21.7,11.7,40.0,40.0,11.6,14.8,,,,,,,
2022-05-11,107079,16.54324855651746,86698,20381,28.0,10247.0,10234.0,100.0,4.1,0.0,42.0,27.0,69.0,0.0,0.0,16.1,24.4,11.7,50.0,40.0,9.4,11.2,,,,,,,
2022-05-12,110862,16.5835245610158,89086,21776,128.0,10254.0,10240.0,144.0,4.2,0.0,74.0,65.0,90.0,0.0,0.0,17.1,22.2,13.9,60.0,60.0,7.6,10.7,1.0,,,,,,
2022-05-13,95861,19.63948146552473,75961,19900,139.0,10240.0,10230.0,144.0,3.9,0.0,88.0,78.0,97.0,0.0,0.0,16.0,18.9,13.3,50.0,40.0,9.4,10.3,1.0,1.0,,,,1.0,
2022-05-14,79812,21.750300644222254,57743,22069,156.0,10176.0,10169.0,167.0,2.9,7.1,87.0,67.0,97.0,0.0,0.0,17.9,23.3,14.4,160.0,150.0,8.1,9.8,1.0,1.0,,,,1.0,
2022-05-15,108477,25.967330102848223,74026,34451,150.0,10112.0,10102.0,167.0,3.1,0.5,78.0,54.0,93.0,0.0,0.0,18.8,25.6,15.0,190.0,180.0,8.1,9.8,1.0,,,,,,
2022-05-16,79295,16.804751395632344,65342,13953,156.0,10044.0,10041.0,172.0,4.6,11.9,73.0,60.0,81.0,0.0,0.0,20.4,23.9,16.7,290.0,300.0,14.3,17.9,,,1.0,,,,
2022-05-17,117412,17.929833792400547,94253,23159,56.0,10078.0,10058.0,122.0,7.0,0.0,41.0,23.0,64.0,0.0,0.0,19.7,25.6,15.0,300.0,290.0,14.8,19.2,,,,,,,
2022-05-18,117596,17.748576148565142,94756,22840,44.0,10132.0,10119.0,111.0,4.9,0.0,44.0,22.0,58.0,0.0,0.0,17.8,22.8,13.9,300.0,300.0,9.4,11.2,,,,,,,
2022-05-19,90207,16.942140969473915,73720,16487,111.0,10081.0,10071.0,128.0,3.0,18.3,80.0,58.0,90.0,0.0,0.0,15.5,20.0,12.8,130.0,140.0,6.3,7.6,1.0,,,,,1.0,
2022-05-20,85189,20.045667094930096,68131,17058,133.0,10135.0,10122.0,144.0,3.7,11.2,86.0,73.0,93.0,0.0,0.0,15.4,20.0,12.2,60.0,60.0,7.6,9.8,1.0,1.0,1.0,,,1.0,
2022-05-21,115215,26.877358186578714,78733,36482,172.0,10152.0,10146.0,194.0,2.6,0.0,67.0,42.0,100.0,0.0,0.0,21.2,32.8,14.4,170.0,170.0,6.7,8.1,,1.0,,,,1.0,
2022-05-22,103604,26.487010320869206,71390,32214,172.0,10152.0,10135.0,206.0,3.8,0.0,57.0,33.0,74.0,0.0,0.0,27.8,33.3,21.7,170.0,330.0,8.9,10.3,,,1.0,,,,
2022-05-23,101563,19.125821419053526,81170,20393,72.0,10213.0,10193.0,133.0,5.0,0.0,45.0,27.0,68.0,0.0,0.0,21.0,22.8,16.7,360.0,360.0,9.8,12.1,,,,,,,
2022-05-24,104949,19.204812356160293,86451,18498,83.0,10257.0,10240.0,122.0,5.1,0.0,58.0,48.0,72.0,0.0,0.0,17.4,18.3,14.4,50.0,50.0,8.9,11.2,,,,,,,
2022-05-25,114182,17.56458551493814,92673,21509,67.0,10281.0,10268.0,111.0,3.6,0.0,55.0,42.0,74.0,0.0,0.0,16.2,21.1,12.8,160.0,190.0,6.7,9.4,,,,,,,
2022-05-26,111106,17.584872552037396,90125,20981,111.0,10237.0,10234.0,139.0,4.5,0.0,67.0,53.0,87.0,0.0,0.0,16.4,21.1,12.8,180.0,150.0,8.1,10.3,,,,,,,
2022-05-27,89185,21.212551995664445,70353,18832,172.0,10122.0,10122.0,183.0,4.4,4.1,82.0,64.0,96.0,0.0,0.0,20.2,26.1,17.8,170.0,170.0,10.3,12.5,1.0,1.0,1.0,,,1.0,
2022-05-28,82607,25.588524146864064,58426,24181,161.0,10075.0,10058.0,178.0,3.5,6.9,74.0,57.0,90.0,0.0,0.0,20.4,25.0,17.2,280.0,290.0,14.3,18.3,1.0,,1.0,,,,
2022-05-29,101235,26.098592354752142,65798,35437,117.0,10173.0,10152.0,156.0,2.6,0.0,57.0,37.0,75.0,0.0,0.0,20.7,26.1,16.7,180.0,190.0,8.1,9.8,,,,,,,
2022-05-30,100732,27.46435262776476,68830,31902,150.0,10179.0,10169.0,189.0,3.6,0.0,57.0,39.0,75.0,0.0,0.0,23.3,30.0,18.3,170.0,170.0,8.9,10.3,,,,,,,
2022-05-31,100360,18.60483066576989,81650,18710,,,,,5.1,0.0,43.0,30.0,62.0,0.0,0.0,28.3,33.9,17.2,50.0,330.0,10.3,12.5,,,,,,,
2022-06-01,88070,16.354083011619544,73450,14620,128.0,10135.0,10132.0,144.0,5.1,21.3,78.0,65.0,90.0,0.0,0.0,17.8,19.4,15.0,50.0,50.0,10.3,11.6,1.0,,1.0,,,,
2022-06-02,98712,18.626237905219224,81134,17578,172.0,10071.0,10061.0,183.0,3.1,13.2,80.0,56.0,93.0,0.0,0.0,20.3,28.3,16.7,340.0,330.0,11.2,15.7,1.0,,1.0,,,,
2022-06-03,120876,20.91521407406488,92855,28021,150.0,10078.0,10064.0,172.0,3.8,0.0,73.0,47.0,93.0,0.0,0.0,19.5,23.9,16.1,50.0,40.0,6.7,8.1,1.0,1.0,,,,1.0,
2022-06-04,127507,22.57070054676737,85898,41609,111.0,10112.0,10098.0,156.0,3.0,0.0,52.0,28.0,79.0,0.0,0.0,21.9,27.2,17.2,180.0,170.0,9.4,11.2,,,,,,,
2022-06-05,115902,24.034813047804757,77581,38321,39.0,10152.0,10135.0,117.0,3.2,0.0,34.0,24.0,48.0,0.0,0.0,20.0,24.4,15.6,310.0,340.0,7.2,10.3,,,,,,,
2022-06-06,110255,18.361397675388872,86650,23605,61.0,10169.0,10152.0,139.0,3.0,0.0,34.0,22.0,56.0,0.0,0.0,22.2,27.2,17.8,160.0,180.0,9.4,11.6,,,,,,,
2022-06-07,103639,17.52472758292406,84302,19337,133.0,10163.0,10152.0,167.0,6.9,1.3,61.0,38.0,84.0,0.0,0.0,21.8,25.6,18.3,170.0,150.0,12.5,16.5,,,,,,,
2022-06-08,123906,19.294622647410133,98365,25541,156.0,10108.0,10102.0,189.0,4.1,0.0,60.0,25.0,87.0,0.0,0.0,23.7,29.4,19.4,190.0,190.0,8.1,11.2,,,,,,,
2022-06-09,115009,18.39383182055317,90281,24728,144.0,10041.0,10030.0,183.0,6.5,17.8,58.0,36.0,90.0,0.0,0.0,24.4,29.4,18.9,270.0,260.0,11.2,14.8,1.0,,1.0,,,,
2022-06-10,122508,19.25950677846889,91825,30683,83.0,10102.0,10091.0,144.0,4.4,0.0,42.0,27.0,61.0,0.0,0.0,21.8,26.7,17.8,280.0,280.0,8.1,11.6,,,,,,,
2022-06-11,115603,23.08967700679625,77311,38292,117.0,10129.0,10115.0,156.0,3.5,5.8,56.0,36.0,70.0,0.0,0.0,21.8,23.9,18.3,210.0,200.0,6.7,8.5,,,,,,,
2022-06-12,90287,21.83644373867039,63136,27151,156.0,10142.0,10132.0,178.0,4.2,2.0,74.0,63.0,84.0,0.0,0.0,20.5,22.8,17.8,170.0,160.0,9.4,11.2,,,,,,,
2022-06-13,111525,18.124536847343645,87098,24427,167.0,10122.0,10112.0,200.0,2.4,0.0,60.0,30.0,87.0,0.0,0.0,24.2,30.0,20.6,230.0,230.0,6.7,9.4,,,1.0,,,1.0,
2022-06-14,123640,17.371206107112044,97158,26482,106.0,10129.0,10115.0,161.0,2.9,0.0,45.0,34.0,57.0,0.0,0.0,23.9,28.3,19.4,60.0,30.0,5.8,7.6,,,,,,,
2022-06-15,127915,17.685275303261278,100689,27226,133.0,10186.0,10169.0,172.0,4.4,0.0,58.0,42.0,70.0,0.0,0.0,23.3,27.2,19.4,180.0,180.0,9.4,10.7,,,,,,,
2022-06-16,102031,17.83300253158354,80354,21677,150.0,10190.0,10190.0,172.0,5.5,7.1,71.0,63.0,81.0,0.0,0.0,20.3,22.8,17.2,170.0,180.0,9.8,13.4,,,1.0,,,,
2022-06-17,119656,19.94029944298656,89886,29770,150.0,10054.0,10054.0,194.0,5.6,0.0,52.0,26.0,79.0,0.0,0.0,25.2,33.3,21.1,270.0,260.0,12.5,15.2,,,,,,,
2022-06-18,108577,21.327228638815463,73209,35368,78.0,10068.0,10047.0,133.0,8.4,0.0,49.0,37.0,53.0,0.0,0.0,21.7,25.0,15.0,320.0,310.0,13.9,18.3,,,,,,,
2022-06-19,105636,23.96222181232408,69149,36487,33.0,10139.0,10122.0,111.0,7.2,0.0,39.0,23.0,56.0,0.0,0.0,17.3,23.3,13.3,340.0,340.0,12.5,16.1,,,,,,,
2022-06-20,114193,20.049589872700896,82662,31531,56.0,10190.0,10179.0,133.0,4.0,0.0,36.0,23.0,50.0,0.0,0.0,20.5,26.1,16.1,310.0,310.0,7.6,9.8,,,,,,,
2022-06-21,99400,17.04822437541918,79951,19449,111.0,10193.0,10186.0,156.0,2.7,2.3,57.0,35.0,87.0,0.0,0.0,22.1,25.0,17.8,50.0,60.0,6.3,8.9,1.0,,,,,,
2022-06-22,94428,15.63369785833298,77858,16570,150.0,10166.0,10156.0,161.0,4.6,2.5,79.0,73.0,84.0,0.0,0.0,19.1,20.0,16.7,120.0,150.0,7.6,10.3,1.0,,,,,1.0,
2022-06-23,117321,17.309160412031947,92848,24473,144.0,10149.0,10139.0,167.0,3.8,0.0,72.0,51.0,90.0,0.0,0.0,19.2,23.9,15.6,50.0,60.0,7.2,11.2,,,,,,,
2022-06-24,124257,20.83297091565599,93049,31208,161.0,10163.0,10152.0,183.0,2.5,0.0,67.0,46.0,87.0,0.0,0.0,21.9,28.3,17.8,170.0,160.0,8.1,10.3,,,,,,,
2022-06-25,118493,24.51749662061613,77871,40622,156.0,10186.0,10169.0,194.0,3.2,0.0,53.0,26.0,76.0,0.0,0.0,25.8,32.2,20.6,160.0,150.0,7.6,9.4,,,,,,,
2022-06-26,106089,27.007522553233603,69987,36102,156.0,10176.0,10169.0,200.0,4.0,0.0,50.0,32.0,76.0,0.0,0.0,27.0,32.8,21.7,160.0,190.0,10.7,13.9,,,,,,,
2022-06-27,79616,17.470984371231914,65047,14569,178.0,10142.0,10129.0,200.0,4.0,12.2,72.0,58.0,87.0,0.0,0.0,24.3,26.1,20.6,190.0,190.0,8.1,10.3,1.0,,,,,,
2022-06-28,121346,18.246388997577174,95673,25673,100.0,10203.0,10186.0,156.0,3.5,0.0,46.0,35.0,63.0,0.0,0.0,22.4,26.1,20.0,320.0,60.0,6.3,8.9,,,,,,,
2022-06-29,121539,17.270797846918825,96497,25042,128.0,10220.0,10210.0,178.0,3.2,0.0,51.0,28.0,81.0,0.0,0.0,23.9,30.0,18.9,190.0,180.0,8.9,10.7,,,,,,,
2022-06-30,116209,17.155525524988025,91950,24259,133.0,10210.0,10200.0,183.0,3.4,0.0,47.0,28.0,63.0,0.0,0.0,25.4,31.1,21.7,170.0,170.0,7.2,8.5,,,,,,,
2022-07-01,103432,18.12043940721118,78659,24773,183.0,10159.0,10152.0,217.0,4.7,0.0,53.0,38.0,72.0,0.0,0.0,28.1,35.0,23.9,230.0,230.0,9.8,13.9,,,1.0,,,,
2022-07-02,88943,23.243628238497315,60647,28296,189.0,10122.0,10108.0,222.0,4.0,0.0,57.0,41.0,74.0,0.0,0.0,28.7,32.8,25.0,160.0,160.0,9.4,10.7,,,,,,,
2022-07-03,89364,24.533322731935307,57733,31631,122.0,10159.0,10142.0,183.0,3.7,0.0,43.0,20.0,76.0,0.0,0.0,26.9,31.1,23.3,330.0,320.0,8.1,10.3,,,,,,,
2022-07-04,94692,26.757658603683524,59918,34774,83.0,10200.0,10186.0,161.0,2.8,0.0,35.0,21.0,55.0,0.0,0.0,25.6,30.6,20.0,310.0,310.0,6.7,8.9,,,,,,,
2022-07-05,88946,18.05812487033331,70999,17947,150.0,10149.0,10149.0,189.0,5.5,2.0,55.0,31.0,79.0,0.0,0.0,25.9,31.1,22.8,180.0,180.0,10.7,13.9,,,,,,,
2022-07-06,112874,22.79866866402656,90121,22753,172.0,10105.0,10088.0,206.0,4.6,0.0,59.0,43.0,79.0,0.0,0.0,26.0,30.0,22.8,320.0,320.0,9.4,12.1,,,,,,,
2022-07-07,114752,18.24972714462493,91038,23714,161.0,10156.0,10139.0,189.0,4.7,0.0,64.0,45.0,79.0,0.0,0.0,24.2,27.8,21.1,120.0,50.0,7.2,10.3,,,,,,,
2022-07-08,98312,17.19243010314102,76855,21457,178.0,10152.0,10142.0,200.0,3.0,7.4,71.0,51.0,84.0,0.0,0.0,23.5,30.0,20.0,180.0,210.0,6.7,9.4,,,,,,,
2022-07-09,123237,21.74575670496685,83009,40228,144.0,10163.0,10149.0,183.0,3.1,0.0,51.0,38.0,84.0,0.0,0.0,24.7,28.9,22.2,60.0,60.0,6.7,8.1,,,,,,,
2022-07-10,115594,22.340808961970342,78230,37364,111.0,10173.0,10163.0,161.0,4.7,0.0,49.0,30.0,76.0,0.0,0.0,23.4,27.8,20.0,170.0,40.0,7.6,9.8,,,,,,,
2022-07-11,111362,20.289593352460145,87842,23520,128.0,10132.0,10125.0,172.0,5.2,0.0,49.0,36.0,68.0,0.0,0.0,24.0,28.9,20.6,190.0,180.0,10.7,13.4,,,,,,,
2022-07-12,111767,18.32521474958321,90514,21253,178.0,10075.0,10068.0,211.0,5.5,0.0,57.0,46.0,79.0,0.0,0.0,25.8,32.8,21.7,160.0,170.0,10.3,11.6,,,,,,,
2022-07-13,120853,17.605379034584715,97441,23412,161.0,10108.0,10091.0,206.0,3.5,0.0,49.0,27.0,67.0,0.0,0.0,28.9,33.3,23.9,170.0,180.0,7.6,10.3,,,,,,,
2022-07-14,120450,17.786466421475023,95920,24530,156.0,10146.0,10125.0,200.0,3.4,0.0,52.0,34.0,76.0,0.0,0.0,26.6,32.2,22.2,310.0,330.0,7.2,8.9,,,,,,,
2022-07-15,119355,20.212939006186023,91964,27391,139.0,10200.0,10186.0,183.0,3.9,0.0,50.0,31.0,69.0,0.0,0.0,26.1,30.0,22.2,160.0,60.0,6.7,10.3,,,,,,,
2022-07-16,111650,22.11668941468876,76214,35436,189.0,10183.0,10173.0,211.0,3.5,14.0,73.0,53.0,84.0,0.0,0.0,24.3,28.9,20.6,300.0,310.0,14.8,18.3,,,1.0,,,,
2022-07-17,111004,21.520471161850026,76588,34416,189.0,10159.0,10149.0,217.0,3.2,0.0,64.0,53.0,79.0,0.0,0.0,25.7,28.9,22.8,180.0,180.0,7.2,8.9,,,,,,,
2022-07-18,83439,15.5801706915631,68484,14955,211.0,10112.0,10108.0,228.0,4.6,8.6,75.0,59.0,85.0,0.0,0.0,26.2,31.1,22.8,270.0,250.0,10.3,13.9,1.0,,1.0,,,1.0,
2022-07-19,119752,19.48365824593048,96292,23460,172.0,10078.0,10064.0,211.0,5.6,0.0,49.0,34.0,69.0,0.0,0.0,28.2,33.9,23.9,260.0,250.0,9.8,13.0,,,,,,,
2022-07-20,117760,17.53185447973279,95758,22002,183.0,10071.0,10058.0,228.0,3.7,0.0,47.0,36.0,58.0,0.0,0.0,31.3,36.1,26.7,160.0,160.0,9.4,11.2,,,,,,,
2022-07-21,109101,16.132951213554414,89045,20056,200.0,10044.0,10034.0,233.0,4.7,14.5,55.0,28.0,88.0,0.0,0.0,29.8,36.1,23.3,320.0,40.0,12.5,18.3,1.0,,1.0,,,,
2022-07-22,111786,17.38331920917348,87492,24294,167.0,10108.0,10091.0,211.0,3.5,0.0,46.0,25.0,62.0,0.0,0.0,30.9,35.6,26.1,330.0,300.0,9.4,13.9,,,,,,,
2022-07-23,107728,21.16519032455196,75734,31994,172.0,10152.0,10135.0,217.0,3.5,0.0,47.0,23.0,65.0,0.0,0.0,30.3,36.1,26.1,190.0,180.0,8.9,10.3,,,,,,,
2022-07-24,99639,19.08042122328272,71414,28225,178.0,10146.0,10135.0,222.0,4.9,0.0,44.0,26.0,63.0,0.0,0.0,31.1,36.7,27.8,160.0,170.0,9.4,11.2,,,,,,,
2022-07-25,96351,19.832062831556843,79602,16749,217.0,10112.0,10102.0,239.0,4.7,19.3,64.0,53.0,76.0,0.0,0.0,29.8,31.7,23.3,310.0,300.0,13.0,17.0,,,1.0,,,,
2022-07-26,122455,16.129602084303077,100238,22217,128.0,10149.0,10135.0,178.0,3.4,0.0,47.0,35.0,81.0,0.0,0.0,25.9,27.8,22.2,50.0,50.0,9.8,11.6,,,,,,,
2022-07-27,125081,17.596455575187278,101484,23597,156.0,10132.0,10125.0,189.0,3.6,0.0,55.0,36.0,76.0,0.0,0.0,25.5,30.0,21.1,190.0,170.0,7.6,9.8,,,,,,,
2022-07-28,117505,17.78898886543835,94705,22800,211.0,10098.0,10088.0,228.0,4.3,2.0,67.0,50.0,88.0,0.0,0.0,26.7,31.1,23.9,170.0,180.0,9.4,10.7,,,1.0,,,,
2022-07-29,114611,19.0294649690402,88995,25616,178.0,10119.0,10108.0,211.0,3.5,0.5,56.0,36.0,74.0,0.0,0.0,28.2,30.6,23.9,270.0,260.0,6.7,8.9,,,,,,,
2022-07-30,123256,22.28810038591765,82943,40313,139.0,10166.0,10146.0,189.0,4.7,0.0,45.0,30.0,69.0,0.0,0.0,26.7,31.1,23.3,310.0,320.0,8.9,11.6,,,,,,,
2022-07-31,112671,21.146628116374224,76445,36226,150.0,10203.0,10196.0,194.0,3.4,0.0,51.0,35.0,67.0,0.0,0.0,26.3,30.6,22.2,160.0,160.0,7.2,9.4,,,,,,,
2022-08-01,98167,17.587456867888392,78891,19276,183.0,10139.0,10132.0,200.0,3.1,10.4,79.0,64.0,90.0,0.0,0.0,23.1,26.1,20.0,60.0,60.0,6.3,11.2,1.0,,,,,1.0,
2022-08-02,120945,20.441129404274676,96520,24425,183.0,10095.0,10085.0,217.0,3.6,0.0,58.0,34.0,84.0,0.0,0.0,26.4,33.9,21.7,250.0,270.0,7.2,9.4,,,,,,,
2022-08-03,124946,17.782293380473696,99270,25676,172.0,10149.0,10129.0,206.0,3.9,0.0,55.0,28.0,74.0,0.0,0.0,27.6,33.3,23.3,180.0,160.0,7.6,9.8,,,,,,,
2022-08-04,118082,16.899726276090625,93300,24782,189.0,10166.0,10152.0,222.0,4.2,0.0,51.0,38.0,72.0,0.0,0.0,29.1,34.4,26.1,190.0,190.0,10.3,12.5,,,,,,,
2022-08-05,114401,18.912013048836982,87120,27281,189.0,10196.0,10183.0,222.0,3.6,0.0,54.0,38.0,62.0,0.0,230.0,29.3,34.4,26.7,260.0,250.0,7.6,9.8,,,,,,,
2022-08-06,123062,23.04039639653183,77352,45710,194.0,10217.0,10203.0,228.0,4.2,0.0,54.0,38.0,67.0,0.0,0.0,29.6,34.4,26.1,220.0,220.0,8.9,11.6,,,,,,,
2022-08-07,95005,19.55311346350192,64577,30428,211.0,10200.0,10190.0,239.0,4.8,15.5,60.0,44.0,74.0,0.0,0.0,29.6,33.9,25.0,240.0,200.0,10.3,14.8,,,1.0,,,,
2022-08-08,104188,20.307907523739136,81874,22314,211.0,10146.0,10135.0,244.0,5.5,0.0,59.0,44.0,76.0,0.0,0.0,30.3,34.4,26.7,160.0,170.0,9.4,11.6,,,,,,,
2022-08-09,109152,17.782359248265415,87642,21510,217.0,10125.0,10112.0,244.0,4.0,1.3,59.0,37.0,77.0,0.0,0.0,31.3,36.7,26.7,310.0,310.0,13.0,17.0,,,1.0,,,,
2022-08-10,123692,17.229966248154017,97695,25997,172.0,10159.0,10149.0,206.0,3.8,0.0,57.0,46.0,74.0,0.0,0.0,27.2,30.0,23.9,180.0,80.0,6.7,8.5,,,,,,,
2022-08-11,114225,17.00477446983293,88533,25692,172.0,10119.0,10108.0,206.0,3.3,3.3,59.0,26.0,88.0,0.0,0.0,26.6,32.8,23.3,170.0,260.0,7.6,8.9,1.0,,,,,,
2022-08-12,122804,19.846287031638493,91200,31604,94.0,10152.0,10142.0,161.0,5.0,0.0,39.0,25.0,59.0,0.0,0.0,25.6,29.4,22.2,20.0,10.0,8.9,11.2,,,,,,,
2022-08-13,132252,26.47974469359001,83375,48877,89.0,10183.0,10173.0,150.0,4.0,0.0,42.0,30.0,55.0,0.0,0.0,23.1,26.7,18.9,360.0,350.0,7.6,10.3,,,,,,,
2022-08-14,111858,23.221461849100347,73252,38606,106.0,10173.0,10163.0,161.0,3.9,0.0,43.0,27.0,53.0,0.0,0.0,24.0,28.3,21.1,170.0,170.0,9.4,11.2,,,,,,,
2022-08-15,111846,19.219396121452714,86604,25242,128.0,10152.0,10142.0,172.0,2.9,0.0,49.0,32.0,61.0,0.0,0.0,24.3,28.3,21.7,130.0,60.0,6.3,9.8,,,,,,,
2022-08-16,122538,17.828099486281808,96310,26228,133.0,10159.0,10149.0,178.0,3.8,0.0,54.0,31.0,78.0,0.0,0.0,23.6,28.9,19.4,60.0,60.0,8.1,10.7,,,,,,,
2022-08-17,120504,16.296366851446148,95429,25075,128.0,10149.0,10139.0,172.0,3.0,7.9,54.0,39.0,78.0,0.0,0.0,23.6,27.8,20.0,60.0,50.0,9.8,12.1,,,1.0,,,,
2022-08-18,121945,17.1162730032665,95022,26923,133.0,10125.0,10115.0,178.0,3.4,0.0,50.0,25.0,76.0,0.0,0.0,24.1,31.1,20.0,190.0,260.0,7.2,9.4,,,,,,,
2022-08-19,120752,17.942009138979067,90301,30451,139.0,10173.0,10163.0,189.0,3.6,0.0,46.0,29.0,64.0,0.0,0.0,26.3,32.2,22.8,180.0,180.0,9.4,12.1,,,,,,,
2022-08-20,128688,24.16359984316072,81634,47054,167.0,10203.0,10193.0,206.0,3.2,0.0,52.0,36.0,67.0,0.0,0.0,27.9,32.8,24.4,180.0,170.0,8.9,11.2,,,,,,,
2022-08-21,110432,21.153839488855887,73250,37182,189.0,10190.0,10179.0,211.0,3.9,0.0,68.0,54.0,87.0,0.0,0.0,25.3,28.3,22.8,140.0,140.0,6.3,8.9,,,,,,,
2022-08-22,85908,15.548968676956743,69482,16426,200.0,10125.0,10108.0,217.0,3.4,6.1,78.0,61.0,87.0,0.0,0.0,24.5,27.2,22.8,160.0,160.0,7.6,9.4,,,1.0,,,,
2022-08-23,118449,16.946714131679737,94316,24133,183.0,10095.0,10085.0,211.0,3.9,0.0,64.0,37.0,91.0,0.0,0.0,25.9,31.1,22.8,300.0,290.0,9.4,11.6,1.0,,,,,,
2022-08-24,122883,17.755828721358256,97342,25541,150.0,10139.0,10129.0,194.0,4.0,0.0,48.0,27.0,69.0,0.0,0.0,26.9,32.2,23.3,310.0,260.0,6.7,9.4,,,,,,,
2022-08-25,120158,17.489438966194513,94641,25517,144.0,10163.0,10149.0,194.0,3.3,0.0,45.0,27.0,62.0,0.0,0.0,28.1,32.8,23.9,170.0,170.0,8.9,10.7,,,,,,,
2022-08-26,108773,17.429761870899334,83342,25431,189.0,10129.0,10119.0,222.0,4.0,7.1,60.0,46.0,74.0,0.0,0.0,27.4,31.1,25.6,170.0,190.0,9.4,11.2,,,1.0,,,,
2022-08-27,117835,21.80638811530247,78791,39044,172.0,10152.0,10135.0,206.0,3.0,0.0,57.0,37.0,79.0,0.0,0.0,27.8,31.1,23.9,160.0,50.0,6.3,8.1,,,,,,,
2022-08-28,107815,22.21482939897046,73220,34595,189.0,10207.0,10193.0,206.0,4.7,0.0,72.0,64.0,85.0,0.0,0.0,24.6,26.7,22.8,50.0,50.0,7.2,9.8,,,,,,,
2022-08-29,108140,16.849268814345603,85442,22698,200.0,10186.0,10179.0,222.0,4.6,0.0,69.0,55.0,82.0,0.0,0.0,26.0,30.6,23.9,170.0,180.0,9.8,12.1,,,,,,,
2022-08-30,113460,15.93835109627475,91497,21963,206.0,10112.0,10108.0,228.0,5.1,1.0,69.0,46.0,84.0,0.0,0.0,26.8,31.7,23.9,180.0,170.0,11.2,14.8,,,,,,,
2022-08-31,123277,16.366254281415024,98325,24952,133.0,10088.0,10075.0,183.0,5.3,0.0,48.0,29.0,79.0,0.0,0.0,25.6,29.4,22.2,300.0,300.0,10.3,13.9,,,,,,,
2022-09-01,121537,18.08446973665084,95259,26278,89.0,10135.0,10115.0,161.0,5.8,0.0,37.0,24.0,52.0,0.0,0.0,25.9,30.0,20.6,310.0,300.0,8.9,12.1,,,,,,,
2022-09-02,116500,19.100985180686692,85976,30524,111.0,10237.0,10217.0,156.0,4.4,0.0,54.0,42.0,68.0,0.0,0.0,21.7,25.6,17.2,40.0,50.0,7.2,8.9,,,,,,,
2022-09-03,107735,22.485527459352426,68927,38808,150.0,10237.0,10230.0,183.0,3.1,0.0,61.0,46.0,78.0,0.0,0.0,22.8,27.8,20.0,160.0,70.0,6.3,8.5,,,,,,,
2022-09-04,99471,22.7184411764903,62334,37137,183.0,10193.0,10186.0,211.0,3.0,0.0,63.0,41.0,77.0,0.0,0.0,25.3,31.7,22.8,160.0,160.0,7.6,8.9,,,,,,,
2022-09-05,93932,21.511808709491973,64215,29717,194.0,10179.0,10169.0,217.0,3.9,0.3,70.0,46.0,85.0,0.0,0.0,25.8,30.6,23.3,180.0,170.0,8.1,10.3,,,,,,,
2022-09-06,40735,14.290976492778528,34755,5980,189.0,10156.0,10146.0,200.0,3.8,29.5,82.0,76.0,88.0,0.0,0.0,23.3,24.4,20.0,60.0,70.0,10.3,12.5,1.0,,,,,1.0,
2022-09-07,112912,15.893800787338812,92910,20002,156.0,10152.0,10142.0,178.0,6.0,0.0,71.0,59.0,84.0,0.0,0.0,20.8,23.3,19.4,60.0,60.0,10.7,13.0,,,,,,1.0,
2022-09-08,134611,17.0024848600783,106968,27643,139.0,10129.0,10119.0,172.0,3.5,0.0,60.0,47.0,73.0,0.0,0.0,21.8,25.6,18.3,70.0,50.0,7.2,9.4,,,,,,,
2022-09-09,133707,17.672215989688898,102717,30990,128.0,10183.0,10163.0,167.0,4.0,0.0,58.0,27.0,76.0,0.0,0.0,21.9,27.2,17.8,50.0,60.0,6.3,9.8,,,,,,,
2022-09-10,134650,21.594631039980197,90123,44527,128.0,10227.0,10213.0,178.0,2.7,0.0,51.0,21.0,73.0,0.0,0.0,23.6,30.0,20.0,190.0,140.0,6.7,8.9,,,,,,,
2022-09-11,67771,18.12263368205673,49987,17784,172.0,10190.0,10190.0,189.0,2.6,6.9,73.0,56.0,93.0,0.0,0.0,23.2,25.0,19.4,50.0,60.0,4.5,7.6,1.0,,,,,,
2022-09-12,115155,16.017219496909963,93489,21666,194.0,10102.0,10095.0,206.0,3.0,23.6,78.0,62.0,93.0,0.0,0.0,22.4,27.8,20.6,170.0,60.0,5.8,8.1,1.0,,1.0,,,,
2022-09-13,122436,16.209664537663215,99727,22709,172.0,10071.0,10058.0,200.0,4.3,42.9,66.0,39.0,91.0,0.0,0.0,24.7,28.9,20.0,260.0,250.0,9.8,13.4,1.0,,1.0,,,,
2022-09-14,135072,16.675363966501816,109049,26023,122.0,10139.0,10119.0,167.0,5.2,0.0,51.0,39.0,63.0,0.0,0.0,22.9,26.7,18.3,310.0,310.0,8.9,11.6,,,,,,,
2022-09-15,132381,17.27520366442314,105817,26564,78.0,10203.0,10186.0,139.0,4.8,0.0,44.0,29.0,64.0,0.0,0.0,21.8,23.3,18.3,330.0,340.0,10.7,13.0,,,,,,,
2022-09-16,131682,17.89013742462903,101061,30621,56.0,10217.0,10207.0,128.0,2.6,0.0,41.0,23.0,60.0,0.0,0.0,19.6,25.0,15.0,50.0,60.0,5.4,6.3,,,,,,,
2022-09-17,130502,21.59020051467921,87476,43026,128.0,10234.0,10224.0,161.0,4.2,0.0,60.0,51.0,73.0,0.0,0.0,20.8,23.3,18.3,210.0,50.0,6.3,10.3,,,,,,,
2022-09-18,116749,22.95203046764141,78969,37780,144.0,10173.0,10166.0,183.0,5.0,0.0,55.0,38.0,76.0,0.0,0.0,23.4,29.4,20.0,240.0,230.0,8.9,11.2,,,,,,,
2022-09-19,102898,16.81621481062152,83600,19298,156.0,10122.0,10112.0,189.0,4.3,1.8,58.0,36.0,73.0,0.0,0.0,25.6,30.0,21.7,270.0,260.0,13.4,16.5,,,1.0,,,,
2022-09-20,130001,16.9619421814704,105232,24769,144.0,10119.0,10102.0,178.0,5.2,0.0,59.0,45.0,76.0,0.0,0.0,23.2,26.1,20.6,290.0,290.0,10.3,13.0,,,,,,,
2022-09-21,133613,16.850147875705705,106814,26799,139.0,10122.0,10119.0,172.0,3.3,0.0,60.0,41.0,71.0,0.0,0.0,22.0,27.2,18.3,170.0,170.0,8.1,9.4,,,,,,,
2022-09-22,102216,16.178064495773658,83393,18823,133.0,10041.0,10034.0,161.0,6.2,4.3,65.0,42.0,81.0,0.0,0.0,21.8,25.6,14.4,310.0,310.0,13.0,17.0,,,1.0,,,,
2022-09-23,113272,16.43562914768581,89113,24159,28.0,10129.0,10108.0,89.0,8.8,0.0,48.0,30.0,64.0,0.0,0.0,15.1,17.8,11.1,310.0,340.0,13.0,16.1,,,,,,,
2022-09-24,113146,20.47213926593369,77635,35511,39.0,10146.0,10135.0,100.0,4.3,0.0,44.0,32.0,59.0,0.0,0.0,14.5,21.7,10.6,330.0,330.0,8.9,11.2,,,,,,,
2022-09-25,86810,20.300069724494104,61580,25230,111.0,10064.0,10061.0,144.0,4.3,19.8,62.0,43.0,78.0,0.0,0.0,19.2,25.0,16.1,260.0,270.0,10.7,14.3,1.0,,1.0,,,,
2022-09-26,105459,17.16788704804711,84289,21170,94.0,10058.0,10037.0,144.0,4.9,0.0,51.0,30.0,80.0,0.0,0.0,19.4,25.6,15.6,220.0,260.0,8.9,13.4,,,,,,,
2022-09-27,116586,16.00347450480046,95336,21250,61.0,10112.0,10091.0,122.0,4.3,0.0,44.0,38.0,52.0,0.0,0.0,19.7,21.7,16.7,270.0,270.0,8.9,11.6,,,,,,,
2022-09-28,123677,16.069754284278133,101704,21973,78.0,10193.0,10173.0,122.0,4.5,0.0,54.0,42.0,67.0,0.0,0.0,17.2,21.1,12.8,360.0,10.0,7.2,9.8,,,,,,,
2022-09-29,121411,15.62690538940733,99067,22344,61.0,10271.0,10254.0,111.0,5.1,0.0,52.0,43.0,62.0,0.0,0.0,16.6,19.4,13.3,20.0,20.0,8.9,11.2,,,,,,,
2022-09-30,115282,18.552575971819827,91228,24054,67.0,10247.0,10234.0,106.0,5.6,0.0,60.0,54.0,67.0,0.0,0.0,14.5,17.8,11.7,70.0,60.0,8.9,10.3,,,,,,,
2022-10-01,59778,16.667228421827428,45581,14197,106.0,10169.0,10156.0,133.0,7.8,16.8,72.0,32.0,87.0,0.0,0.0,14.8,17.2,11.7,50.0,50.0,13.4,16.1,1.0,,,,,,
2022-10-02,51635,15.514026310319228,40569,11066,89.0,10193.0,10169.0,122.0,10.2,1.8,62.0,44.0,72.0,0.0,0.0,15.2,16.7,11.7,50.0,50.0,16.1,21.0,,,,,,,
2022-10-03,49566,14.117560025017148,43236,6330,150.0,10237.0,10213.0,183.0,8.4,11.4,61.0,46.0,78.0,0.0,0.0,11.5,12.8,9.4,40.0,40.0,13.0,16.1,,,,,,,
2022-10-04,51994,13.327164080150274,45604,6390,183.0,10193.0,10146.0,211.0,7.0,45.0,63.0,41.0,77.0,0.0,0.0,10.3,15.0,7.8,30.0,40.0,10.3,13.4,1.0,,1.0,,,1.0,
2022-10-05,69309,13.660082385404491,59007,10302,139.0,10146.0,10108.0,156.0,4.8,10.7,82.0,72.0,90.0,0.0,0.0,13.8,15.0,12.2,350.0,350.0,7.2,9.8,1.0,,1.0,,,,
2022-10-06,123901,16.56559085250859,100551,23350,83.0,10142.0,10129.0,133.0,1.7,0.0,53.0,31.0,75.0,0.0,0.0,17.6,24.4,13.9,320.0,20.0,5.4,6.3,,,,,,,
2022-10-07,123619,18.10160307652276,95429,28190,94.0,10146.0,10129.0,139.0,3.9,0.0,53.0,32.0,72.0,0.0,0.0,20.3,25.6,15.0,320.0,320.0,9.4,11.2,,,,,,,
2022-10-08,100747,21.02245658216456,70609,30138,22.0,10203.0,10193.0,78.0,4.8,0.5,50.0,38.0,64.0,0.0,0.0,13.9,15.0,10.0,320.0,320.0,9.8,11.6,,,,,,,
2022-10-09,93815,20.808504191227417,64975,28840,11.0,10203.0,10193.0,78.0,3.5,0.0,45.0,33.0,61.0,0.0,0.0,12.3,17.8,7.8,260.0,300.0,7.6,10.7,,,,,,,
2022-10-10,96125,17.12598961404421,74588,21537,22.0,10220.0,10207.0,94.0,3.3,0.0,40.0,27.0,57.0,0.0,0.0,15.8,20.6,11.7,270.0,250.0,7.2,10.3,,,,,,,
2022-10-11,112059,15.847023158038771,91840,20219,67.0,10254.0,10240.0,117.0,2.5,0.0,53.0,32.0,69.0,0.0,0.0,17.0,22.2,12.2,180.0,180.0,6.3,8.1,,,,,,,
2022-10-12,118695,16.25915168485053,97331,21364,78.0,10217.0,10213.0,128.0,3.5,0.0,54.0,33.0,80.0,0.0,0.0,17.9,21.1,14.4,170.0,180.0,9.4,11.6,,,,,,,
2022-10-13,73732,14.269254003010904,62711,11021,150.0,10108.0,10108.0,167.0,5.5,19.8,80.0,61.0,90.0,0.0,0.0,18.7,21.7,12.8,300.0,170.0,11.2,14.3,1.0,,1.0,,,,
2022-10-14,114921,16.741085947157902,89806,25115,72.0,10122.0,10102.0,111.0,3.7,5.1,59.0,30.0,90.0,0.0,0.0,15.7,20.6,11.7,310.0,310.0,8.9,11.6,1.0,,,,,,
2022-10-15,118062,20.988807042203813,80982,37080,72.0,10159.0,10146.0,117.0,3.6,0.0,56.0,29.0,77.0,0.0,0.0,16.2,20.6,11.7,180.0,190.0,9.8,12.5,,,,,,,
2022-10-16,101163,19.537873864950623,70510,30653,61.0,10132.0,10125.0,111.0,1.9,0.0,53.0,33.0,77.0,0.0,0.0,16.1,19.4,12.2,360.0,220.0,5.4,6.3,,,,,,,
2022-10-17,88784,15.954408969896978,73725,15059,106.0,10051.0,10047.0,133.0,3.4,3.3,71.0,49.0,86.0,0.0,0.0,16.6,20.0,13.9,310.0,160.0,7.6,9.8,1.0,,,,,,
2022-10-18,101005,15.33218451363794,84996,16009,-11.0,10044.0,10030.0,61.0,4.9,0.0,41.0,32.0,62.0,0.0,0.0,12.6,14.4,9.4,300.0,300.0,8.9,11.6,,,,,,,
2022-10-19,99852,15.51190799333013,84587,15265,-17.0,10102.0,10085.0,50.0,5.0,0.0,44.0,34.0,58.0,0.0,0.0,10.0,12.8,6.7,220.0,230.0,9.4,13.0,,,,,,,
2022-10-20,104413,14.660729557781757,87133,17280,-11.0,10149.0,10135.0,61.0,5.5,0.0,43.0,24.0,61.0,0.0,0.0,11.1,15.6,7.2,220.0,240.0,9.8,13.0,,,,,,,
2022-10-21,108664,16.040850413813835,86147,22517,11.0,10200.0,10190.0,78.0,2.4,0.0,44.0,19.0,61.0,0.0,0.0,13.4,17.8,9.4,270.0,280.0,6.3,7.6,,,,,,,
2022-10-22,111348,20.197731266090692,77126,34222,50.0,10244.0,10234.0,100.0,2.0,0.0,54.0,33.0,74.0,0.0,0.0,14.4,19.4,10.0,160.0,170.0,5.8,7.2,,,,,,,
2022-10-23,66604,18.5540577327688,50426,16178,,,,,6.0,0.0,,,,0.0,0.0,14.7,16.7,13.3,40.0,50.0,10.3,13.4,,,,,,,
2022-10-24,66311,16.8840033433367,56570,9741,128.0,10213.0,10207.0,133.0,5.9,11.7,89.0,84.0,93.0,0.0,0.0,14.1,16.7,12.8,60.0,60.0,9.8,11.6,1.0,,,,,1.0,
2022-10-25,98171,14.630235158210333,83123,15048,161.0,10179.0,10169.0,167.0,3.3,0.3,92.0,87.0,97.0,0.0,0.0,16.9,19.4,16.1,50.0,40.0,6.3,7.2,1.0,1.0,,,,,
2022-10-26,112685,15.075041893183062,94466,18219,150.0,10095.0,10091.0,167.0,2.9,0.0,82.0,63.0,97.0,0.0,0.0,18.3,23.3,16.7,260.0,270.0,8.1,11.2,1.0,1.0,,,,1.0,
2022-10-27,115653,15.27034126164763,95188,20465,44.0,10200.0,10169.0,100.0,6.2,0.0,48.0,30.0,70.0,0.0,0.0,16.9,18.3,11.1,320.0,320.0,10.3,13.0,,,,,,,
2022-10-28,106226,15.013957984077972,85309,20917,6.0,10325.0,10312.0,61.0,4.7,0.0,50.0,34.0,59.0,0.0,0.0,11.3,14.4,7.8,40.0,60.0,9.4,12.1,,,,,,,
2022-10-29,105008,18.995205634808777,74789,30219,28.0,10305.0,10298.0,72.0,2.6,0.0,58.0,39.0,69.0,0.0,0.0,10.8,15.0,7.2,50.0,70.0,6.3,8.1,,,,,,,
2022-10-30,95656,19.39490523002565,68134,27522,33.0,10234.0,10230.0,83.0,1.7,0.0,55.0,26.0,80.0,0.0,0.0,12.5,17.8,8.3,50.0,70.0,4.0,6.7,,,,,,,
2022-10-31,96458,15.13831407832079,80302,16156,100.0,10176.0,10166.0,122.0,2.7,1.8,71.0,54.0,84.0,0.0,0.0,14.4,18.9,11.1,220.0,210.0,5.8,7.6,,,,,,,
2022-11-01,103775,14.48435995519152,87457,16318,133.0,10163.0,10146.0,150.0,3.9,4.1,77.0,63.0,90.0,0.0,0.0,16.9,19.4,15.0,300.0,300.0,6.7,8.5,1.0,,,,,,
2022-11-02,117444,15.075546775342572,97116,20328,78.0,10251.0,10230.0,122.0,2.7,0.0,55.0,30.0,78.0,0.0,0.0,17.6,21.7,13.9,40.0,40.0,6.7,8.9,,,,,,,
2022-11-03,116776,15.192770377902994,96234,20542,83.0,10284.0,10271.0,117.0,2.3,0.0,66.0,41.0,81.0,0.0,0.0,15.7,20.0,11.7,120.0,90.0,5.4,7.2,,,,,,,
2022-11-04,118788,16.343929654229946,93342,25446,122.0,10271.0,10261.0,139.0,2.7,0.0,79.0,53.0,96.0,0.0,0.0,15.2,22.2,11.1,180.0,190.0,6.7,8.1,1.0,1.0,,,,1.0,
2022-11-05,122101,21.281533963412805,83478,38623,150.0,10234.0,10224.0,167.0,4.7,0.0,75.0,58.0,84.0,0.0,0.0,19.4,23.9,17.2,170.0,170.0,9.4,12.1,,,,,,,
2022-11-06,103297,20.70864710559519,71754,31543,161.0,10224.0,10217.0,178.0,3.5,0.3,77.0,66.0,87.0,0.0,0.0,19.8,23.9,17.2,160.0,170.0,6.7,8.5,,,,,,,
2022-11-07,107226,16.38931743233917,86774,20452,72.0,10224.0,10207.0,139.0,5.8,0.5,47.0,17.0,84.0,0.0,0.0,21.3,25.6,13.3,330.0,330.0,11.2,14.8,,,,,,,
2022-11-08,96598,15.157133870784076,81669,14929,-39.0,10335.0,10312.0,50.0,6.1,0.0,35.0,23.0,50.0,0.0,0.0,13.2,14.4,8.3,360.0,20.0,9.8,12.5,,,,,,,
2022-11-09,95500,15.162960489703316,81365,14135,-11.0,10362.0,10356.0,44.0,3.3,0.0,51.0,37.0,68.0,0.0,0.0,8.7,12.2,5.0,360.0,20.0,7.2,9.8,,,,,,,
2022-11-10,109046,15.4853950719574,90226,18820,78.0,10274.0,10271.0,106.0,2.6,0.0,66.0,47.0,78.0,0.0,0.0,12.6,19.4,8.9,160.0,160.0,6.3,7.2,,,,,,,
2022-11-11,54871,15.979253815312278,45585,9286,150.0,10135.0,10146.0,161.0,4.2,31.2,87.0,80.0,91.0,0.0,0.0,16.4,20.6,13.9,190.0,200.0,12.5,17.4,1.0,,,,,,
2022-11-12,113802,20.67924166549504,79462,34340,122.0,10027.0,10007.0,156.0,5.5,2.3,66.0,47.0,91.0,0.0,0.0,19.7,20.6,16.1,170.0,300.0,11.6,14.8,1.0,,,,,,
2022-11-13,69264,16.434732972395473,52847,16417,28.0,10122.0,10098.0,72.0,6.9,0.5,61.0,39.0,77.0,0.0,0.0,12.9,16.7,6.1,300.0,290.0,11.6,15.2,,,,,,,
2022-11-14,73998,13.419812659125922,64416,9582,-44.0,10264.0,10237.0,17.0,5.9,0.0,48.0,38.0,57.0,0.0,0.0,6.3,7.8,3.3,310.0,320.0,11.2,15.2,,,,,,,
2022-11-15,64512,14.853126341869212,57092,7420,-22.0,10281.0,10278.0,22.0,5.6,12.4,60.0,49.0,82.0,0.0,0.0,4.9,8.9,2.2,60.0,60.0,13.0,16.1,1.0,,,,,,
2022-11-16,76960,13.66616431912682,67544,9416,17.0,10132.0,10125.0,50.0,7.6,5.1,68.0,47.0,90.0,0.0,0.0,7.3,10.6,3.9,60.0,60.0,13.0,16.1,1.0,,,,,,
2022-11-17,78388,13.503150327005836,68909,9479,-50.0,10142.0,10125.0,17.0,7.0,0.0,47.0,37.0,57.0,0.0,0.0,5.7,8.3,3.9,260.0,270.0,11.6,14.8,,,,,,,
2022-11-18,73521,13.921050368602168,63271,10250,-72.0,10193.0,10176.0,0.0,7.2,0.0,44.0,28.0,62.0,0.0,0.0,4.5,6.7,2.2,230.0,250.0,11.2,14.8,,,,,,,
2022-11-19,59493,15.772858360367326,47706,11787,-94.0,10213.0,10203.0,-11.0,5.0,0.0,42.0,30.0,52.0,0.0,0.0,2.8,5.0,0.0,270.0,260.0,9.4,13.0,,,,,,,
2022-11-20,45018,14.10737124335451,37066,7952,-122.0,10207.0,10179.0,-22.0,8.2,0.0,34.0,28.0,55.0,0.0,0.0,2.7,4.4,-0.5,280.0,280.0,14.3,18.8,,,,,,,
2022-11-21,59696,13.406709581323147,52908,6788,-111.0,10284.0,10274.0,-22.0,5.1,0.0,37.0,23.0,53.0,0.0,0.0,1.1,5.6,-1.6,210.0,240.0,10.3,14.3,,,,,,1.0,
2022-11-22,74006,14.282624376852327,64229,9777,-61.0,10257.0,10247.0,22.0,4.0,0.0,38.0,29.0,53.0,0.0,0.0,6.6,10.6,3.9,240.0,230.0,7.6,10.3,,,,,,,
2022-11-23,73869,15.292006556200842,61864,12005,-44.0,10234.0,10213.0,39.0,3.4,0.0,37.0,30.0,54.0,0.0,0.0,9.4,12.8,6.1,300.0,300.0,7.2,9.4,,,,,,,
2022-11-24,37888,21.31828371296101,27246,10642,6.0,10271.0,10261.0,50.0,2.8,0.0,60.0,47.0,69.0,0.0,0.0,8.1,11.7,5.0,170.0,170.0,5.8,6.7,,,,,,,
2022-11-25,43128,15.473694956099672,34270,8858,28.0,10129.0,10129.0,67.0,6.0,0.0,64.0,44.0,83.0,0.0,0.0,10.0,13.3,8.3,320.0,320.0,14.3,17.9,,,,,,,
2022-11-26,59617,19.176942696434462,44162,15455,-33.0,10156.0,10139.0,44.0,5.9,0.0,40.0,29.0,52.0,0.0,0.0,9.3,13.9,6.7,320.0,320.0,12.5,14.8,,,,,,,
2022-11-27,34622,14.04390813163114,28414,6208,39.0,10051.0,10058.0,78.0,4.8,13.7,63.0,37.0,90.0,0.0,0.0,10.7,16.1,9.4,260.0,270.0,11.6,15.7,1.0,,,,,1.0,
2022-11-28,73068,13.605687889363333,64121,8947,28.0,10068.0,10030.0,67.0,7.2,0.0,59.0,52.0,75.0,0.0,0.0,12.2,13.3,5.6,260.0,250.0,13.4,16.5,,,,,,,
2022-11-29,75411,13.183318630792147,67041,8370,-28.0,10244.0,10224.0,17.0,2.7,0.0,58.0,51.0,63.0,0.0,0.0,5.4,6.7,3.3,330.0,60.0,5.8,8.9,,,,,,,
2022-11-30,54667,11.940942362241694,49086,5581,39.0,10132.0,10129.0,72.0,6.5,10.9,70.0,41.0,87.0,0.0,0.0,8.4,15.0,3.9,180.0,180.0,16.1,21.5,1.0,,,,,,
2022-12-01,73173,14.239808327297409,64878,8295,-78.0,10237.0,10207.0,0.0,7.6,0.0,41.0,37.0,50.0,0.0,0.0,5.7,6.7,2.2,290.0,310.0,12.5,15.2,,,,,,,
2022-12-02,74951,13.249117381355818,64324,10627,-56.0,10325.0,10315.0,6.0,3.0,0.0,50.0,38.0,61.0,0.0,0.0,3.4,7.2,1.1,290.0,290.0,7.6,8.9,,,,,,,
2022-12-03,45429,14.917475127121442,37086,8343,61.0,10196.0,10193.0,89.0,5.8,10.4,72.0,44.0,84.0,0.0,0.0,10.6,15.0,7.2,310.0,290.0,13.0,18.8,1.0,,,,,,
2022-12-04,62606,15.19572070302101,49850,12756,-61.0,10220.0,10207.0,11.0,4.3,0.0,42.0,35.0,49.0,0.0,0.0,7.0,7.8,3.9,320.0,300.0,10.3,13.9,,,,,,,
2022-12-05,73891,13.03827717493786,64915,8976,-50.0,10247.0,10230.0,17.0,2.4,0.0,50.0,24.0,73.0,0.0,0.0,5.4,8.3,2.2,170.0,170.0,5.4,6.7,,,,,,,
2022-12-06,52639,13.50666293400964,47286,5353,78.0,10254.0,10244.0,94.0,4.6,19.8,81.0,74.0,90.0,0.0,0.0,9.3,15.6,5.0,160.0,180.0,10.3,14.3,1.0,,,,,1.0,
2022-12-07,74044,13.305740446446256,65357,8687,117.0,10207.0,10196.0,128.0,3.8,9.1,88.0,77.0,93.0,0.0,0.0,13.8,15.0,12.8,170.0,170.0,10.3,13.4,1.0,,,,,,
2022-12-08,89347,13.875184907719342,76996,12351,28.0,10224.0,10207.0,67.0,5.2,0.0,60.0,48.0,72.0,0.0,0.0,11.6,13.3,5.6,360.0,330.0,8.9,11.2,,,,,,,
2022-12-09,76825,14.024233878511769,65494,11331,-56.0,10254.0,10237.0,6.0,5.0,0.0,50.0,35.0,65.0,0.0,0.0,5.3,7.2,2.2,350.0,330.0,7.6,10.7,,,,,,,
2022-12-10,63441,14.97902507631763,50874,12567,-56.0,10281.0,10268.0,-6.0,4.7,0.0,58.0,40.0,70.0,0.0,0.0,2.2,3.9,-0.5,40.0,50.0,8.9,11.2,,,,,,,
2022-12-11,32718,13.755203518450598,27311,5407,-6.0,10227.0,10224.0,17.0,5.7,6.4,77.0,70.0,85.0,3.0,0.0,3.4,5.0,0.6,60.0,60.0,9.4,10.7,1.0,,,,,,
2022-12-12,59960,12.073697356849012,54033,5927,-33.0,10217.0,10196.0,-6.0,5.2,0.0,71.0,58.0,88.0,8.0,0.0,1.6,3.3,-1.0,330.0,360.0,9.4,11.2,1.0,,,,,,
2022-12-13,65507,13.397808456348177,58544,6963,-78.0,10240.0,10234.0,-22.0,5.1,0.0,54.0,35.0,69.0,0.0,0.0,0.3,5.0,-2.7,310.0,350.0,8.9,10.7,,,,,,,
2022-12-14,67388,12.64675207949981,60244,7144,-78.0,10207.0,10190.0,-17.0,6.0,0.0,51.0,39.0,64.0,0.0,0.0,1.7,4.4,0.0,300.0,300.0,9.4,12.5,,,,,,,
2022-12-15,44106,12.2883456665004,39843,4263,-6.0,10203.0,10203.0,22.0,6.3,15.0,73.0,61.0,82.0,0.0,0.0,2.7,6.7,0.6,70.0,70.0,13.0,16.5,,,,,,,
2022-12-16,28414,11.865600663991929,25262,3152,33.0,10041.0,10034.0,44.0,9.1,13.7,85.0,79.0,89.0,0.0,0.0,6.2,8.3,3.9,70.0,50.0,13.4,17.4,1.0,,,,,,
2022-12-17,59369,14.7115476943635,48463,10906,-33.0,10068.0,10047.0,17.0,6.7,0.0,55.0,39.0,83.0,0.0,0.0,5.0,7.2,2.8,270.0,260.0,10.3,13.0,,,,,,,
2022-12-18,48245,14.95196889245863,39362,8883,-67.0,10135.0,10115.0,-6.0,6.3,0.0,51.0,45.0,59.0,0.0,0.0,3.1,4.4,1.1,270.0,280.0,10.7,14.3,,,,,,,
2022-12-19,54328,12.41639533941982,48346,5982,-72.0,10230.0,10207.0,-17.0,7.2,0.0,52.0,46.0,59.0,0.0,0.0,1.7,3.9,0.0,310.0,310.0,13.0,15.2,,,,,,,
2022-12-20,58639,13.131023227715344,51751,6888,-72.0,10288.0,10274.0,-11.0,5.2,0.0,52.0,41.0,61.0,0.0,0.0,1.9,4.4,0.0,330.0,320.0,9.4,11.6,,,,,,,
2022-12-21,59180,13.06398529993241,51916,7264,-67.0,10322.0,10312.0,-17.0,2.1,0.0,55.0,41.0,69.0,0.0,0.0,1.0,5.0,-1.6,50.0,70.0,4.0,6.7,,,,,,,
2022-12-22,39131,12.462281794485191,34901,4230,11.0,10237.0,10254.0,33.0,6.0,5.3,78.0,59.0,89.0,0.0,0.0,3.8,8.3,1.1,60.0,60.0,12.5,15.7,1.0,,,,,,
2022-12-23,26043,12.657821268031077,23417,2626,-22.0,9932.0,9915.0,11.0,10.9,24.1,70.0,42.0,92.0,0.0,0.0,7.5,15.0,-12.7,140.0,270.0,17.4,25.0,1.0,,1.0,1.0,,1.0,
2022-12-24,11542,17.500126023797147,10403,1139,-211.0,10095.0,10071.0,-133.0,8.8,0.0,42.0,38.0,47.0,0.0,0.0,-11.7,-8.8,-13.8,260.0,260.0,14.8,18.8,,,,,,,
2022-12-25,9164,20.352551984213587,7613,1551,-161.0,10135.0,10119.0,-83.0,7.4,0.0,46.0,37.0,54.0,0.0,0.0,-6.9,-2.1,-9.3,260.0,260.0,11.2,15.2,,,,,,,
2022-12-26,19221,14.966461924457624,16601,2620,-144.0,10227.0,10210.0,-67.0,5.3,0.0,44.0,38.0,55.0,0.0,0.0,-4.7,-1.0,-7.1,270.0,270.0,9.8,12.5,,,,,,,
2022-12-27,33044,13.485259691118912,28812,4232,-106.0,10251.0,10240.0,-33.0,4.4,0.0,45.0,36.0,54.0,0.0,0.0,-0.7,1.7,-1.6,270.0,280.0,7.6,10.7,,,,,,,
2022-12-28,44027,15.537783221659437,36995,7032,-61.0,10261.0,10247.0,6.0,3.4,0.0,46.0,33.0,61.0,0.0,0.0,3.4,8.3,0.6,230.0,220.0,7.6,10.7,,,,,,,
2022-12-29,51674,16.237488016217053,42093,9581,-39.0,10257.0,10240.0,28.0,3.4,0.0,47.0,38.0,57.0,0.0,0.0,6.4,10.6,3.3,220.0,220.0,6.3,7.2,,,,,,,
2022-12-30,62298,17.986724259473284,47277,15021,6.0,10244.0,10234.0,56.0,2.5,0.0,55.0,36.0,74.0,0.0,0.0,9.3,15.6,3.3,210.0,210.0,5.8,7.6,,,,,,,
2022-12-31,31466,13.028530718871163,25041,6425,67.0,10149.0,10152.0,72.0,2.1,7.9,89.0,77.0,97.0,0.0,0.0,8.2,12.8,5.6,220.0,230.0,4.5,6.7,1.0,1.0,,,,1.0,
