date,trip_count,avg_trip_minutes,member_trips,casual_trips
2022-01-01,20428,32.92466304745121,14040,6388
2022-01-02,43009,39.52875276143753,31016,11993
2022-01-03,33189,42.55643763345285,28717,4472
2022-01-04,36842,49.94331475580406,31669,5173
2022-01-05,34230,35.11444932028435,29313,4917
2022-01-06,44787,29.77198753693408,38231,6556
2022-01-07,17401,42.64554581920579,15068,2333
2022-01-08,24455,47.07671009882097,20427,4028
2022-01-09,21479,37.01781238496516,17967,3512
2022-01-10,34727,32.152228413050366,30773,3954
2022-01-11,26824,29.43676339223581,24119,2705
2022-01-12,40568,28.33706308749096,35577,4991
2022-01-13,50572,17.110270120817844,43228,7344
2022-01-14,45714,18.32092296451853,38897,6817
2022-01-15,22839,18.593184066727968,19413,3426
2022-01-16,20930,18.656597906513777,17662,3268
2022-01-17,29084,14.222136565923991,25010,4074
2022-01-18,42935,14.719666712860526,37837,5098
2022-01-19,54011,14.177843636790037,46684,7327
2022-01-20,33928,14.674509433702744,29681,4247
2022-01-21,33598,13.462414738972557,29676,3922
2022-01-22,31969,16.54076244434713,26573,5396
2022-01-23,32967,15.52248379844491,27197,5770
2022-01-24,41488,12.191862688809616,36836,4652
2022-01-25,50692,12.697039755780004,44454,6238
2022-01-26,42005,12.533845233900728,37328,4677
2022-01-27,43830,12.513118249296523,38701,5129
2022-01-28,34871,13.080735049181268,30938,3933
2022-01-29,2848,31.679609234550565,2350,498
2022-01-30,9486,26.220889315833862,8396,1090
2022-01-31,22349,17.07234280803019,20235,2114
2022-02-01,29338,16.408870675119868,26406,2932
2022-02-02,41947,15.446238458451539,37094,4853
2022-02-03,26568,19.391614164910166,23390,3178
2022-02-04,20309,14.635502214125099,18054,2255
2022-02-05,29638,13.523175037676856,24878,4760
2022-02-06,28887,15.309483133704896,24207,4680
2022-02-07,30717,11.9096401818754,27736,2981
2022-02-08,51893,12.817004983331085,45666,6227
2022-02-09,56007,13.892379660875724,49021,6986
2022-02-10,61937,14.74052279493679,52706,9231
2022-02-11,64614,15.713164568824093,52601,12013
2022-02-12,68575,21.255207833515616,48006,20569
2022-02-13,20384,14.326304664606226,17002,3382
2022-02-14,34198,13.056924396650878,30627,3571
2022-02-15,40550,12.37458834484176,36179,4371
2022-02-16,53683,13.161434912976796,46703,6980
2022-02-17,67432,16.095799293609364,55659,11773
2022-02-18,47038,14.7300262900917,39690,7348
2022-02-19,32450,15.943864109912687,26250,6200
2022-02-20,31051,18.22445836849055,24720,6331
2022-02-21,52366,27.479718911762088,40074,12292
2022-02-22,36459,15.26395788922717,31457,5002
2022-02-23,66325,16.15082304962935,53782,12543
2022-02-24,44725,13.751836163592325,39120,5605
2022-02-25,30412,14.400198657328248,26329,4083
2022-02-26,41415,15.56168730572659,32462,8953
2022-02-27,42805,18.32299093408091,33094,9711
2022-02-28,45636,14.69112605180121,39971,5665
2022-03-01,56019,13.520108457547142,48672,7347
2022-03-02,67108,14.32067855943653,56644,10464
2022-03-03,55408,13.57345349588507,47799,7609
2022-03-04,49704,13.144485918638338,41927,7777
2022-03-05,51358,17.751380862767242,39159,12199
2022-03-06,54531,19.097866026358094,39193,15338
2022-03-07,67882,15.6855161412451,55062,12820
2022-03-08,62178,14.279977067719557,52956,9222
2022-03-09,28088,12.941554567786955,24993,3095
2022-03-10,66071,14.3294239603356,55606,10465
2022-03-11,69316,16.671986950824245,55021,14295
2022-03-12,19628,17.28959153080633,16120,3508
2022-03-13,30833,16.621385362003913,25092,5741
2022-03-14,63206,16.138556910736323,51453,11753
2022-03-15,78946,17.55622189914625,62770,16176
2022-03-16,81449,16.94155121118737,64361,17088
2022-03-17,50004,17.603056450150653,41530,8474
2022-03-18,92837,20.560949633048605,66524,26313
2022-03-19,77861,21.407567516043546,51524,26337
2022-03-20,65417,22.99466317394561,45313,20104
2022-03-21,73209,17.931194591056656,57913,15296
2022-03-22,75235,15.700374074123301,61036,14199
2022-03-23,60865,14.220173267066459,51250,9615
2022-03-24,45793,12.689683404668836,39254,6539
2022-03-25,74873,16.620056592719227,57669,17204
2022-03-26,62151,21.430169807940878,44161,17990
2022-03-27,45625,18.108303925844748,34455,11170
2022-03-28,38135,13.207065995367335,33802,4333
2022-03-29,48426,13.104532882129435,42562,5864
2022-03-30,61254,13.480222068490765,52504,8750
2022-03-31,72625,15.193521785886404,59236,13389
2022-04-01,68479,15.058485966987446,54413,14066
2022-04-02,73254,20.031499987258943,49956,23298
2022-04-03,37164,15.775767143382485,28709,8455
2022-04-04,68902,14.633298346685631,56300,12602
2022-04-05,72629,14.247987864351705,60637,11992
2022-04-06,48443,15.225737201109206,40846,7597
2022-04-07,35322,12.599632765698432,30922,4400
2022-04-08,88195,18.37530529810836,66714,21481
2022-04-09,67329,18.763686016674338,47685,19644
2022-04-10,57144,19.213013349024685,41669,15475
2022-04-11,75355,15.789054446508748,60200,15155
2022-04-12,93575,19.092856147831508,68249,25326
2022-04-13,98764,17.998356625896076,74733,24031
2022-04-14,90635,19.451324612640445,67705,22930
2022-04-15,99636,20.176286017771353,67011,32625
2022-04-16,82188,21.62049927544167,50913,31275
2022-04-17,54110,28.106212335674243,36641,17469
2022-04-18,55811,14.52706287470212,44925,10886
2022-04-19,58873,14.522317229743118,48926,9947
2022-04-20,85294,16.704185085898967,65149,20145
2022-04-21,77520,15.58258215879773,60782,16738
2022-04-22,97494,19.272851772587714,68940,28554
2022-04-23,94585,21.397835013127523,58927,35658
2022-04-24,83406,21.107273891366727,53642,29764
2022-04-25,72682,17.630071652999824,58750,13932
2022-04-26,74947,14.514176956827269,61684,13263
2022-04-27,82446,15.700949377168085,67192,15254
2022-04-28,78531,15.679303056117966,63402,15129
2022-04-29,87089,17.38255710422671,65581,21508
2022-04-30,101537,23.785245148402392,63457,38080
2022-05-01,94657,26.00394555641245,58022,36635
2022-05-02,54536,14.544521873319153,43733,10803
2022-05-03,92564,16.190239882495717,72817,19747
2022-05-04,79594,15.220313782027121,63422,16172
2022-05-05,110355,17.630841545919985,83518,26837
2022-05-06,35170,13.555688732821533,29329,5841
2022-05-07,20557,14.075354832092879,17219,3338
2022-05-08,62745,16.79863587111855,46770,15975
2022-05-09,93995,16.03639844388886,74915,19080
2022-05-10,104600,19.02257965025494,83685,20915
2022-05-11,107079,16.54324855651746,86698,20381
2022-05-12,110862,16.5835245610158,89086,21776
2022-05-13,95861,19.639481465524735,75961,19900
2022-05-14,79812,21.750300644222254,57743,22069
2022-05-15,108477,25.967330102848223,74026,34451
2022-05-16,79295,16.804751395632344,65342,13953
2022-05-17,117412,17.929833792400547,94253,23159
2022-05-18,117596,17.748576148565142,94756,22840
2022-05-19,90207,16.942140969473915,73720,16487
2022-05-20,85189,20.045667094930096,68131,17058
2022-05-21,115215,26.877358186578714,78733,36482
2022-05-22,103604,26.487010320869206,71390,32214
2022-05-23,101563,19.125821419053526,81170,20393
2022-05-24,104949,19.204812356160293,86451,18498
2022-05-25,114182,17.56458551493814,92673,21509
2022-05-26,111106,17.584872552037396,90125,20981
2022-05-27,89185,21.212551995664445,70353,18832
2022-05-28,82607,25.588524146864064,58426,24181
2022-05-29,101235,26.098592354752146,65798,35437
2022-05-30,100732,27.46435262776476,68830,31902
2022-05-31,100360,18.604830665769892,81650,18710
2022-06-01,88070,16.354083011619544,73450,14620
2022-06-02,98712,18.626237905219224,81134,17578
2022-06-03,120876,20.91521407406488,92855,28021
2022-06-04,127507,22.570700546767366,85898,41609
2022-06-05,115902,24.034813047804754,77581,38321
2022-06-06,110255,18.361397675388872,86650,23605
2022-06-07,103639,17.52472758292406,84302,19337
2022-06-08,123906,19.294622647410133,98365,25541
2022-06-09,115009,18.393831820553174,90281,24728
2022-06-10,122508,19.25950677846889,91825,30683
2022-06-11,115603,23.08967700679625,77311,38292
2022-06-12,90287,21.83644373867039,63136,27151
2022-06-13,111525,18.124536847343645,87098,24427
2022-06-14,123640,17.371206107112044,97158,26482
2022-06-15,127915,17.685275303261278,100689,27226
2022-06-16,102031,17.83300253158354,80354,21677
2022-06-17,119656,19.94029944298656,89886,29770
2022-06-18,108577,21.327228638815466,73209,35368
2022-06-19,105636,23.96222181232408,69149,36487
2022-06-20,114193,20.049589872700896,82662,31531
2022-06-21,99400,17.04822437541918,79951,19449
2022-06-22,94428,15.63369785833298,77858,16570
2022-06-23,117321,17.309160412031947,92848,24473
2022-06-24,124257,20.83297091565599,93049,31208
2022-06-25,118493,24.51749662061613,77871,40622
2022-06-26,106089,27.007522553233603,69987,36102
2022-06-27,79616,17.470984371231914,65047,14569
2022-06-28,121346,18.246388997577178,95673,25673
2022-06-29,121539,17.270797846918825,96497,25042
2022-06-30,116209,17.155525524988025,91950,24259
2022-07-01,103432,18.12043940721118,78659,24773
2022-07-02,88943,23.243628238497315,60647,28296
2022-07-03,89364,24.533322731935307,57733,31631
2022-07-04,94692,26.757658603683524,59918,34774
2022-07-05,88946,18.05812487033331,70999,17947
2022-07-06,112874,22.798668664026557,90121,22753
2022-07-07,114752,18.24972714462493,91038,23714
2022-07-08,98312,17.19243010314102,76855,21457
2022-07-09,123237,21.74575670496685,83009,40228
2022-07-10,115594,22.340808961970346,78230,37364
2022-07-11,111362,20.289593352460145,87842,23520
2022-07-12,111767,18.32521474958321,90514,21253
2022-07-13,120853,17.605379034584715,97441,23412
2022-07-14,120450,17.786466421475023,95920,24530
2022-07-15,119355,20.212939006186026,91964,27391
2022-07-16,111650,22.116689414688757,76214,35436
2022-07-17,111004,21.520471161850022,76588,34416
2022-07-18,83439,15.580170691563099,68484,14955
2022-07-19,119752,19.48365824593048,96292,23460
2022-07-20,117760,17.53185447973279,95758,22002
2022-07-21,109101,16.132951213554414,89045,20056
2022-07-22,111786,17.38331920917348,87492,24294
2022-07-23,107728,21.165190324551958,75734,31994
2022-07-24,99639,19.080421223282716,71414,28225
2022-07-25,96351,19.832062831556843,79602,16749
2022-07-26,122455,16.129602084303077,100238,22217
2022-07-27,125081,17.596455575187278,101484,23597
2022-07-28,117505,17.78898886543835,94705,22800
2022-07-29,114611,19.029464969040202,88995,25616
2022-07-30,123256,22.288100385917655,82943,40313
2022-07-31,112671,21.146628116374224,76445,36226
2022-08-01,98167,17.587456867888392,78891,19276
2022-08-02,120945,20.441129404274673,96520,24425
2022-08-03,124946,17.782293380473696,99270,25676
2022-08-04,118082,16.899726276090625,93300,24782
2022-08-05,114401,18.912013048836986,87120,27281
2022-08-06,123062,23.04039639653183,77352,45710
2022-08-07,95005,19.55311346350192,64577,30428
2022-08-08,104188,20.307907523739136,81874,22314
2022-08-09,109152,17.782359248265415,87642,21510
2022-08-10,123692,17.229966248154017,97695,25997
2022-08-11,114225,17.00477446983293,88533,25692
2022-08-12,122804,19.846287031638493,91200,31604
2022-08-13,132252,26.479744693590014,83375,48877
2022-08-14,111858,23.221461849100347,73252,38606
2022-08-15,111846,19.219396121452714,86604,25242
2022-08-16,122538,17.828099486281808,96310,26228
2022-08-17,120504,16.296366851446148,95429,25075
2022-08-18,121945,17.1162730032665,95022,26923
2022-08-19,120752,17.942009138979067,90301,30451
2022-08-20,128688,24.163599843160718,81634,47054
2022-08-21,110432,21.153839488855887,73250,37182
2022-08-22,85908,15.548968676956745,69482,16426
2022-08-23,118449,16.946714131679737,94316,24133
2022-08-24,122883,17.755828721358256,97342,25541
2022-08-25,120158,17.489438966194513,94641,25517
2022-08-26,108773,17.429761870899334,83342,25431
2022-08-27,117835,21.80638811530247,78791,39044
2022-08-28,107815,22.21482939897046,73220,34595
2022-08-29,108140,16.849268814345603,85442,22698
2022-08-30,113460,15.93835109627475,91497,21963
2022-08-31,123277,16.366254281415024,98325,24952
2022-09-01,121537,18.08446973665084,95259,26278
2022-09-02,116500,19.100985180686695,85976,30524
2022-09-03,107735,22.485527459352422,68927,38808
2022-09-04,99471,22.7184411764903,62334,37137
2022-09-05,93932,21.511808709491973,64215,29717
2022-09-06,40735,14.290976492778528,34755,5980
2022-09-07,112912,15.893800787338813,92910,20002
2022-09-08,134611,17.0024848600783,106968,27643
2022-09-09,133707,17.672215989688898,102717,30990
2022-09-10,134650,21.594631039980193,90123,44527
2022-09-11,67771,18.12263368205673,49987,17784
2022-09-12,115155,16.017219496909963,93489,21666
2022-09-13,122436,16.209664537663215,99727,22709
2022-09-14,135072,16.675363966501816,109049,26023
2022-09-15,132381,17.27520366442314,105817,26564
2022-09-16,131682,17.89013742462903,101061,30621
2022-09-17,130502,21.59020051467921,87476,43026
2022-09-18,116749,22.95203046764141,78969,37780
2022-09-19,102898,16.81621481062152,83600,19298
2022-09-20,130001,16.9619421814704,105232,24769
2022-09-21,133613,16.850147875705705,106814,26799
2022-09-22,102216,16.178064495773658,83393,18823
2022-09-23,113272,16.43562914768581,89113,24159
2022-09-24,113146,20.47213926593369,77635,35511
2022-09-25,86810,20.300069724494104,61580,25230
2022-09-26,105459,17.16788704804711,84289,21170
2022-09-27,116586,16.00347450480046,95336,21250
2022-09-28,123677,16.069754284278133,101704,21973
2022-09-29,121411,15.62690538940733,99067,22344
2022-09-30,115282,18.552575971819827,91228,24054
2022-10-01,59778,16.667228421827428,45581,14197
2022-10-02,51635,15.514026310319228,40569,11066
2022-10-03,49566,14.117560025017148,43236,6330
2022-10-04,51994,13.327164080150274,45604,6390
2022-10-05,69309,13.660082385404493,59007,10302
2022-10-06,123901,16.56559085250859,100551,23350
2022-10-07,123619,18.101603076522757,95429,28190
2022-10-08,100747,21.022456582164562,70609,30138
2022-10-09,93815,20.808504191227417,64975,28840
2022-10-10,96125,17.12598961404421,74588,21537
2022-10-11,112059,15.847023158038771,91840,20219
2022-10-12,118695,16.25915168485053,97331,21364
2022-10-13,73732,14.269254003010904,62711,11021
2022-10-14,114921,16.741085947157902,89806,25115
2022-10-15,118062,20.988807042203813,80982,37080
2022-10-16,101163,19.537873864950623,70510,30653
2022-10-17,88784,15.954408969896978,73725,15059
2022-10-18,101005,15.332184513637939,84996,16009
2022-10-19,99852,15.51190799333013,84587,15265
2022-10-20,104413,14.660729557781757,87133,17280
2022-10-21,108664,16.040850413813835,86147,22517
2022-10-22,111348,20.197731266090695,77126,34222
2022-10-23,66604,18.5540577327688,50426,16178
2022-10-24,66311,16.8840033433367,56570,9741
2022-10-25,98171,14.630235158210333,83123,15048
2022-10-26,112685,15.075041893183062,94466,18219
2022-10-27,115653,15.27034126164763,95188,20465
2022-10-28,106226,15.013957984077972,85309,20917
2022-10-29,105008,18.995205634808777,74789,30219
2022-10-30,95656,19.394905230025646,68134,27522
2022-10-31,96458,15.13831407832079,80302,16156
2022-11-01,103775,14.48435995519152,87457,16318
2022-11-02,117444,15.075546775342573,97116,20328
2022-11-03,116776,15.192770377902994,96234,20542
2022-11-04,118788,16.343929654229946,93342,25446
2022-11-05,122101,21.281533963412805,83478,38623
2022-11-06,103297,20.70864710559519,71754,31543
2022-11-07,107226,16.38931743233917,86774,20452
2022-11-08,96598,15.157133870784076,81669,14929
2022-11-09,95500,15.162960489703316,81365,14135
2022-11-10,109046,15.4853950719574,90226,18820
2022-11-11,54871,15.979253815312278,45585,9286
2022-11-12,113802,20.67924166549504,79462,34340
2022-11-13,69264,16.434732972395473,52847,16417
2022-11-14,73998,13.419812659125922,64416,9582
2022-11-15,64512,14.853126341869213,57092,7420
2022-11-16,76960,13.66616431912682,67544,9416
2022-11-17,78388,13.503150327005836,68909,9479
2022-11-18,73521,13.921050368602168,63271,10250
2022-11-19,59493,15.772858360367326,47706,11787
2022-11-20,45018,14.10737124335451,37066,7952
2022-11-21,59696,13.406709581323147,52908,6788
2022-11-22,74006,14.282624376852327,64229,9777
2022-11-23,73869,15.292006556200842,61864,12005
2022-11-24,37888,21.31828371296101,27246,10642
2022-11-25,43128,15.473694956099672,34270,8858
2022-11-26,59617,19.176942696434462,44162,15455
2022-11-27,34622,14.04390813163114,28414,6208
2022-11-28,73068,13.605687889363333,64121,8947
2022-11-29,75411,13.183318630792147,67041,8370
2022-11-30,54667,11.940942362241694,49086,5581
2022-12-01,73173,14.239808327297409,64878,8295
2022-12-02,74951,13.249117381355818,64324,10627
2022-12-03,45429,14.917475127121442,37086,8343
2022-12-04,62606,15.19572070302101,49850,12756
2022-12-05,73891,13.038277174937859,64915,8976
2022-12-06,52639,13.50666293400964,47286,5353
2022-12-07,74044,13.305740446446256,65357,8687
2022-12-08,89347,13.875184907719342,76996,12351
2022-12-09,76825,14.024233878511769,65494,11331
2022-12-10,63441,14.97902507631763,50874,12567
2022-12-11,32718,13.755203518450598,27311,5407
2022-12-12,59960,12.073697356849012,54033,5927
2022-12-13,65507,13.397808456348177,58544,6963
2022-12-14,67388,12.64675207949981,60244,7144
2022-12-15,44106,12.288345666500401,39843,4263
2022-12-16,28414,11.865600663991929,25262,3152
2022-12-17,59369,14.7115476943635,48463,10906
2022-12-18,48245,14.95196889245863,39362,8883
2022-12-19,54328,12.41639533941982,48346,5982
2022-12-20,58639,13.131023227715344,51751,6888
2022-12-21,59180,13.06398529993241,51916,7264
2022-12-22,39131,12.462281794485191,34901,4230
2022-12-23,26043,12.657821268031077,23417,2626
2022-12-24,11542,17.500126023797147,10403,1139
2022-12-25,9164,20.352551984213587,7613,1551
2022-12-26,19221,14.966461924457624,16601,2620
2022-12-27,33044,13.485259691118912,28812,4232
2022-12-28,44027,15.537783221659437,36995,7032
2022-12-29,51674,16.237488016217053,42093,9581
2022-12-30,62298,17.986724259473284,47277,15021
2022-12-31,31466,13.028530718871163,25041,6425
