date,ADPT,ASLP,ASTP,AWBT,AWND,PRCP,RHAV,RHMN,RHMX,SNOW,SNWD,TAVG,TMAX,TMIN,WDF2,WDF5,WSF2,WSF5,WT01,WT02,WT03,WT04,WT06,WT08,WT09
2022-01-01,100.0,10078.0,10078.0,106.0,2.8,19.3,89.0,83.0,93.0,0.0,0.0,11.6,13.9,10.0,200.0,200.0,6.3,7.6,1.0,,,,,,
2022-01-02,67.0,10051.0,10024.0,83.0,4.3,1.0,80.0,63.0,93.0,0.0,0.0,11.4,15.6,3.9,310.0,310.0,12.5,14.8,1.0,,,,,,
2022-01-03,-100.0,10196.0,10169.0,-39.0,6.4,0.0,49.0,38.0,62.0,0.0,0.0,1.4,3.9,-4.3,340.0,350.0,12.5,15.2,,,,,,,
2022-01-04,-117.0,10281.0,10268.0,-44.0,3.9,0.0,48.0,35.0,60.0,0.0,0.0,-2.7,2.2,-6.0,320.0,350.0,8.9,12.1,,,,,,,
2022-01-05,6.0,10132.0,10139.0,33.0,3.4,6.1,76.0,52.0,86.0,0.0,0.0,3.2,8.9,0.0,250.0,200.0,6.7,10.7,1.0,,,,,1.0,
2022-01-06,-72.0,10115.0,10095.0,0.0,5.0,0.0,45.0,33.0,73.0,0.0,0.0,4.9,6.1,2.2,290.0,270.0,12.5,14.8,,,,,,,
2022-01-07,-67.0,10125.0,10102.0,-22.0,8.3,8.4,63.0,44.0,88.0,246.0,200.0,0.7,2.2,-2.1,300.0,290.0,13.0,17.4,1.0,,,,,,
2022-01-08,-139.0,10332.0,10305.0,-56.0,4.8,0.0,43.0,30.0,55.0,0.0,130.0,-2.5,0.0,-4.9,310.0,300.0,12.5,15.7,,,,,,,
2022-01-09,-33.0,10224.0,10230.0,6.0,4.9,2.8,65.0,41.0,83.0,0.0,80.0,1.4,5.6,-1.0,210.0,210.0,9.4,12.1,,,,,,,
2022-01-10,-111.0,10196.0,10173.0,-33.0,7.5,0.0,44.0,33.0,65.0,0.0,0.0,1.6,5.6,-3.2,310.0,320.0,11.6,15.7,,,,,,,
2022-01-11,-178.0,10312.0,10288.0,-89.0,6.4,0.0,41.0,33.0,57.0,0.0,0.0,-5.4,-3.2,-8.2,320.0,310.0,12.5,16.5,,,,,,,
2022-01-12,-106.0,10224.0,10224.0,-28.0,4.4,0.0,44.0,36.0,55.0,0.0,0.0,-1.9,5.6,-6.6,220.0,220.0,8.9,11.2,,,,,,,
2022-01-13,-22.0,10149.0,10146.0,17.0,2.6,0.0,64.0,46.0,79.0,0.0,0.0,4.0,7.8,0.6,50.0,60.0,5.8,7.6,,,,,,,
2022-01-14,-33.0,10098.0,10081.0,6.0,7.6,0.0,64.0,57.0,82.0,0.0,0.0,4.8,6.1,-5.5,350.0,360.0,13.4,18.3,,,,,,,
2022-01-15,-178.0,10247.0,10217.0,-106.0,5.8,0.0,48.0,34.0,62.0,0.0,0.0,-6.7,-5.5,-10.5,330.0,330.0,10.7,13.9,,,,,,,
2022-01-16,-111.0,10237.0,10217.0,-67.0,5.5,9.1,66.0,46.0,89.0,15.0,0.0,-8.0,4.4,-12.1,50.0,80.0,10.3,13.0,1.0,,,,,,
2022-01-17,-11.0,9895.0,9895.0,22.0,8.6,26.9,69.0,50.0,89.0,0.0,0.0,3.9,7.8,1.7,60.0,60.0,16.1,19.2,1.0,,,,,1.0,
2022-01-18,-94.0,10119.0,10081.0,-22.0,8.4,0.0,45.0,33.0,54.0,0.0,0.0,1.8,3.3,-0.5,310.0,300.0,14.8,19.2,,,,,,,
2022-01-19,-56.0,10176.0,10169.0,11.0,4.7,0.0,46.0,33.0,61.0,0.0,0.0,3.2,10.6,-1.6,200.0,200.0,9.4,13.0,,,,,,1.0,
2022-01-20,-56.0,10210.0,10179.0,-6.0,5.4,6.4,60.0,40.0,85.0,8.0,0.0,5.1,8.3,-4.9,350.0,340.0,9.8,12.1,1.0,,,,,,
2022-01-21,-178.0,10335.0,10318.0,-94.0,6.2,0.0,43.0,38.0,51.0,0.0,0.0,-6.0,-4.9,-9.3,10.0,20.0,11.2,13.9,,,,,,,
2022-01-22,-150.0,10264.0,10268.0,-72.0,3.4,0.0,46.0,35.0,53.0,0.0,0.0,-5.9,-1.0,-9.9,20.0,30.0,7.2,8.9,,,,,,,
2022-01-23,-117.0,10122.0,10122.0,-33.0,4.2,0.3,44.0,29.0,79.0,5.0,0.0,-0.7,3.3,-3.2,240.0,270.0,8.9,12.1,,,,,,1.0,
2022-01-24,-67.0,10115.0,10102.0,-22.0,3.6,0.0,61.0,52.0,73.0,5.0,0.0,-0.2,3.3,-2.1,190.0,340.0,6.7,8.5,,,,,,1.0,
2022-01-25,-56.0,10146.0,10119.0,0.0,4.7,0.0,54.0,41.0,65.0,0.0,0.0,3.6,6.1,-1.0,300.0,200.0,9.4,12.5,,,,,,1.0,
2022-01-26,-161.0,10274.0,10251.0,-67.0,5.6,0.0,38.0,29.0,53.0,0.0,0.0,-2.3,-1.0,-6.0,320.0,320.0,10.7,14.3,,,,,,,
2022-01-27,-139.0,10288.0,10284.0,-61.0,3.7,0.0,44.0,36.0,54.0,0.0,0.0,-4.2,0.0,-7.7,160.0,180.0,7.6,9.4,,,,,,,
2022-01-28,-61.0,10193.0,10190.0,-22.0,3.5,2.8,67.0,38.0,85.0,33.0,0.0,0.1,1.7,-1.0,30.0,30.0,8.1,11.2,1.0,,,,,1.0,
2022-01-29,-122.0,10061.0,10054.0,-78.0,10.2,12.4,66.0,39.0,88.0,206.0,130.0,-4.8,-1.0,-9.3,340.0,350.0,14.3,20.6,1.0,,,,,1.0,1.0
2022-01-30,-161.0,10163.0,10135.0,-83.0,6.1,0.0,45.0,37.0,54.0,0.0,180.0,-7.1,-2.7,-9.9,310.0,310.0,12.5,16.5,,,,,,,
2022-01-31,-128.0,10278.0,10254.0,-56.0,2.9,0.0,48.0,39.0,60.0,0.0,150.0,-3.4,-1.0,-7.1,50.0,60.0,4.5,7.2,,,,,,,
2022-02-01,-83.0,10335.0,10322.0,-33.0,3.4,0.0,56.0,47.0,70.0,0.0,130.0,-1.7,2.8,-4.3,60.0,60.0,6.7,9.4,,,,,,,
2022-02-02,0.0,10298.0,10295.0,17.0,2.3,0.0,79.0,70.0,89.0,0.0,100.0,2.3,5.6,-0.5,40.0,60.0,4.5,5.8,1.0,,,,,1.0,
2022-02-03,50.0,10224.0,10224.0,61.0,2.6,10.7,87.0,86.0,92.0,0.0,50.0,6.4,8.9,3.9,190.0,170.0,4.5,6.3,1.0,1.0,,,,1.0,
2022-02-04,6.0,10129.0,10112.0,22.0,5.3,18.8,81.0,72.0,87.0,0.0,0.0,5.8,12.8,-2.1,310.0,320.0,10.7,12.5,1.0,,,,1.0,,
2022-02-05,-111.0,10251.0,10217.0,-56.0,7.9,0.0,56.0,46.0,75.0,0.0,0.0,-2.8,-1.6,-6.0,310.0,300.0,13.0,16.1,,,,,,,
2022-02-06,-122.0,10356.0,10342.0,-61.0,3.2,0.0,52.0,37.0,69.0,0.0,0.0,-4.8,0.0,-8.2,180.0,180.0,6.3,8.1,,,,,,,
2022-02-07,-11.0,10240.0,10247.0,6.0,3.1,3.8,84.0,72.0,89.0,0.0,0.0,0.5,4.4,-0.5,40.0,50.0,5.8,7.6,1.0,,,1.0,,1.0,
2022-02-08,-28.0,10139.0,10122.0,11.0,5.7,2.0,62.0,42.0,86.0,0.0,0.0,4.1,8.3,1.1,310.0,310.0,11.6,14.3,1.0,,,,,,
2022-02-09,-56.0,10169.0,10159.0,0.0,3.7,0.0,54.0,35.0,79.0,0.0,0.0,2.8,6.7,-0.5,270.0,260.0,7.6,10.7,,,,,,,
2022-02-10,-33.0,10115.0,10102.0,28.0,4.4,0.0,51.0,23.0,89.0,0.0,0.0,6.3,13.3,1.1,270.0,270.0,12.5,16.1,1.0,,,,,1.0,
2022-02-11,-28.0,10142.0,10132.0,39.0,5.0,0.0,46.0,24.0,63.0,0.0,0.0,8.6,13.3,2.8,170.0,170.0,11.2,14.8,,,,,,,
2022-02-12,-28.0,10139.0,10119.0,56.0,5.9,0.0,36.0,24.0,50.0,0.0,0.0,11.8,15.6,5.6,260.0,270.0,11.2,14.8,,,,,,,
2022-02-13,-50.0,10193.0,10183.0,-17.0,4.7,4.8,69.0,47.0,85.0,61.0,30.0,2.8,5.6,-3.2,350.0,320.0,8.1,11.6,1.0,,,,,1.0,
2022-02-14,-167.0,10220.0,10196.0,-78.0,7.9,0.0,41.0,32.0,54.0,0.0,50.0,-4.3,-2.7,-7.7,320.0,300.0,11.6,15.2,,,,,,,
2022-02-15,-172.0,10369.0,10345.0,-72.0,4.9,0.0,36.0,23.0,45.0,0.0,0.0,-4.7,0.0,-7.7,310.0,320.0,9.4,11.2,,,,,,,
2022-02-16,-39.0,10362.0,10362.0,11.0,4.5,0.0,59.0,43.0,74.0,0.0,0.0,1.6,8.3,-2.7,190.0,180.0,8.9,11.2,,,,,,,
2022-02-17,61.0,10179.0,10193.0,94.0,5.6,7.6,65.0,48.0,83.0,0.0,0.0,11.6,17.2,8.3,160.0,210.0,9.4,12.5,1.0,,,,,,
2022-02-18,-28.0,10075.0,10041.0,33.0,9.1,6.4,51.0,33.0,81.0,0.0,0.0,9.9,17.2,-2.1,320.0,310.0,16.5,22.4,,,,,,,
2022-02-19,-122.0,10169.0,10152.0,-39.0,7.6,0.0,41.0,29.0,54.0,0.0,0.0,0.1,5.0,-3.8,300.0,290.0,16.5,20.6,,,,,,,
2022-02-20,-133.0,10291.0,10278.0,-50.0,5.8,0.0,42.0,28.0,54.0,0.0,0.0,-2.6,2.2,-5.5,310.0,310.0,15.7,21.9,,,,,,,
2022-02-21,-44.0,10271.0,10257.0,17.0,3.4,0.0,51.0,30.0,82.0,0.0,0.0,4.1,12.2,0.6,210.0,220.0,7.2,10.3,,,,,,,
2022-02-22,50.0,10224.0,10224.0,61.0,4.5,5.8,86.0,74.0,93.0,0.0,0.0,5.6,13.3,2.2,170.0,180.0,10.3,13.9,1.0,1.0,,,,1.0,
2022-02-23,44.0,10159.0,10135.0,89.0,6.4,0.0,60.0,29.0,86.0,0.0,0.0,14.4,20.0,2.2,320.0,320.0,14.3,17.9,,,,,,,
2022-02-24,-117.0,10305.0,10288.0,-33.0,4.8,0.0,43.0,30.0,52.0,0.0,0.0,1.1,2.2,-1.6,330.0,330.0,9.4,11.6,,,,,,,
2022-02-25,-39.0,10203.0,10196.0,-11.0,6.6,20.8,72.0,48.0,89.0,8.0,0.0,0.8,6.1,-2.7,320.0,320.0,11.6,15.7,1.0,,,1.0,1.0,,
2022-02-26,-111.0,10281.0,10274.0,-39.0,5.0,0.0,46.0,35.0,55.0,0.0,0.0,-1.1,3.3,-4.3,320.0,310.0,10.7,14.3,,,,,,,
2022-02-27,-100.0,10163.0,10156.0,-11.0,7.2,0.0,39.0,22.0,54.0,0.0,0.0,2.4,8.9,-1.0,310.0,250.0,13.4,19.2,,,,,,,
2022-02-28,-156.0,10240.0,10217.0,-44.0,5.2,0.0,31.0,21.0,59.0,0.0,0.0,0.8,2.2,-2.7,320.0,320.0,11.2,15.7,,,,,,,
2022-03-01,-50.0,10196.0,10200.0,11.0,4.2,0.0,53.0,26.0,77.0,0.0,0.0,2.6,8.9,-0.5,170.0,190.0,10.3,13.0,,,,,,,
2022-03-02,-22.0,10142.0,10135.0,33.0,4.7,0.0,52.0,27.0,74.0,0.0,0.0,7.7,11.7,4.4,310.0,310.0,8.1,10.3,,,,,,,
2022-03-03,-89.0,10183.0,10152.0,-6.0,8.2,0.8,42.0,28.0,71.0,0.0,0.0,5.6,8.9,-3.8,310.0,320.0,13.4,17.0,,,,,,,
2022-03-04,-150.0,10322.0,10308.0,-50.0,4.2,0.0,34.0,23.0,48.0,0.0,0.0,-1.9,3.3,-5.5,340.0,310.0,9.4,11.2,,,,,,,
2022-03-05,-61.0,10312.0,10301.0,6.0,3.0,0.0,49.0,28.0,67.0,0.0,0.0,3.1,7.2,-0.5,160.0,180.0,8.1,10.3,,,,,,,
2022-03-06,78.0,10166.0,10166.0,100.0,4.7,1.3,73.0,63.0,84.0,0.0,0.0,9.6,20.0,3.9,220.0,210.0,9.8,13.0,,,,,,,
2022-03-07,89.0,10061.0,10058.0,133.0,6.2,1.3,57.0,36.0,67.0,0.0,0.0,18.2,23.3,10.0,290.0,290.0,20.1,25.0,,,,,,,
2022-03-08,-72.0,10176.0,10146.0,11.0,8.2,0.0,39.0,30.0,48.0,0.0,0.0,8.7,10.0,4.4,310.0,310.0,17.0,20.6,,,,,,,
2022-03-09,-28.0,10173.0,10163.0,11.0,4.4,14.7,73.0,37.0,92.0,15.0,0.0,3.2,5.0,0.6,40.0,40.0,7.6,9.4,1.0,,,1.0,,,
2022-03-10,-17.0,10207.0,10193.0,22.0,2.5,0.0,65.0,36.0,93.0,0.0,0.0,4.0,10.0,0.0,170.0,130.0,5.4,6.7,1.0,,,,,1.0,
2022-03-11,-17.0,10166.0,10166.0,39.0,3.1,0.0,56.0,22.0,86.0,0.0,0.0,7.2,11.7,2.2,150.0,160.0,7.2,9.4,,,,,,1.0,
2022-03-12,-28.0,9983.0,9970.0,6.0,8.4,11.9,72.0,37.0,93.0,23.0,0.0,5.1,8.3,-3.8,320.0,300.0,17.9,21.5,1.0,1.0,,,,,
2022-03-13,-133.0,10210.0,10179.0,-50.0,7.3,0.0,42.0,29.0,66.0,3.0,0.0,-2.3,1.7,-4.9,290.0,300.0,16.1,21.5,,,,,,,
2022-03-14,-44.0,10274.0,10261.0,28.0,4.4,0.0,43.0,27.0,59.0,0.0,0.0,5.3,13.9,1.1,160.0,210.0,8.1,10.3,,,,,,,
2022-03-15,-6.0,10220.0,10217.0,67.0,4.1,0.0,41.0,24.0,53.0,0.0,0.0,11.6,20.0,7.8,310.0,310.0,11.2,13.0,,,,,,,
2022-03-16,28.0,10217.0,10203.0,78.0,3.5,0.0,54.0,38.0,83.0,0.0,0.0,13.6,17.8,6.1,170.0,280.0,7.6,10.3,,,,,,,
2022-03-17,67.0,10159.0,10159.0,78.0,4.1,2.8,89.0,20.0,100.0,0.0,0.0,8.2,12.8,5.6,50.0,40.0,7.2,8.5,1.0,1.0,,,,1.0,
2022-03-18,89.0,10152.0,10135.0,111.0,3.4,0.0,75.0,34.0,97.0,0.0,0.0,13.9,22.8,9.4,160.0,170.0,7.2,8.9,1.0,1.0,,,,1.0,
2022-03-19,100.0,10088.0,10085.0,122.0,3.3,1.8,76.0,61.0,93.0,0.0,0.0,13.1,20.0,7.8,160.0,160.0,7.2,8.5,1.0,1.0,1.0,,,1.0,
2022-03-20,28.0,10088.0,10068.0,78.0,7.3,0.0,52.0,44.0,72.0,0.0,0.0,14.3,16.1,7.8,310.0,310.0,14.3,17.9,,,,,,,
2022-03-21,-39.0,10173.0,10152.0,50.0,6.4,0.0,36.0,21.0,56.0,0.0,0.0,10.4,16.7,6.7,310.0,290.0,12.5,15.7,,,,,,,
2022-03-22,-94.0,10210.0,10190.0,33.0,7.2,0.0,25.0,14.0,43.0,0.0,0.0,10.7,13.9,6.7,310.0,320.0,11.2,13.4,,,,,,,
2022-03-23,-56.0,10230.0,10224.0,17.0,5.2,2.8,46.0,30.0,82.0,0.0,0.0,7.2,8.3,3.9,110.0,50.0,8.9,10.3,,,,,,,
2022-03-24,44.0,10122.0,10125.0,56.0,7.6,25.9,88.0,83.0,93.0,0.0,0.0,5.7,8.3,3.9,50.0,50.0,12.5,15.2,1.0,,,,,,
2022-03-25,22.0,10024.0,10014.0,72.0,4.8,0.8,57.0,38.0,90.0,0.0,0.0,9.6,15.6,6.7,260.0,270.0,9.8,13.9,1.0,,,,,,
2022-03-26,-11.0,9983.0,9973.0,50.0,5.5,1.0,49.0,38.0,66.0,0.0,0.0,10.4,11.7,6.1,270.0,250.0,10.7,14.3,,,1.0,,,,
2022-03-27,-56.0,10041.0,10020.0,6.0,8.2,0.0,48.0,38.0,65.0,0.0,0.0,5.9,7.2,-1.0,310.0,290.0,13.9,17.0,,,,,,,
2022-03-28,-156.0,10132.0,10122.0,-61.0,9.9,0.0,37.0,23.0,51.0,0.0,0.0,-1.5,0.0,-4.3,330.0,270.0,14.3,18.8,,,,,,,
2022-03-29,-122.0,10203.0,10186.0,-39.0,8.5,0.0,41.0,29.0,53.0,0.0,0.0,-1.2,2.8,-3.8,310.0,290.0,12.5,15.7,,,,,,,
2022-03-30,-94.0,10210.0,10207.0,-6.0,3.9,0.0,40.0,19.0,68.0,0.0,0.0,2.6,8.3,-1.0,310.0,310.0,9.4,10.7,,,,,,,
2022-03-31,89.0,10047.0,10051.0,106.0,4.8,1.3,79.0,68.0,97.0,0.0,0.0,9.9,17.8,5.6,180.0,160.0,10.3,14.3,1.0,1.0,,,,1.0,
2022-04-01,11.0,10034.0,10007.0,67.0,7.6,6.6,55.0,29.0,90.0,0.0,0.0,13.1,16.1,6.1,290.0,290.0,16.1,20.6,1.0,,,,,,
2022-04-02,-44.0,10163.0,10152.0,28.0,6.1,0.0,46.0,25.0,73.0,0.0,0.0,7.2,12.8,3.9,310.0,310.0,13.0,16.1,,,,,,,
2022-04-03,17.0,10098.0,10091.0,44.0,4.0,2.3,69.0,60.0,83.0,0.0,0.0,7.0,7.8,5.0,300.0,290.0,11.2,14.8,,,,,,,
2022-04-04,-28.0,10146.0,10135.0,39.0,5.4,0.0,47.0,32.0,65.0,0.0,0.0,7.6,12.2,4.4,310.0,300.0,10.7,13.4,,,,,,,
2022-04-05,-6.0,10166.0,10159.0,56.0,3.4,1.5,53.0,31.0,83.0,0.0,0.0,9.7,12.8,6.7,160.0,160.0,7.6,8.9,,,,,,,
2022-04-06,61.0,10102.0,10091.0,78.0,6.9,9.1,85.0,77.0,93.0,0.0,0.0,8.6,11.7,6.7,50.0,60.0,13.4,17.4,1.0,,,,,,
2022-04-07,72.0,10064.0,10064.0,83.0,7.5,24.6,84.0,73.0,90.0,0.0,0.0,9.1,13.3,7.8,130.0,110.0,15.7,22.4,1.0,,1.0,,,1.0,
2022-04-08,28.0,10024.0,10003.0,83.0,4.7,1.0,53.0,20.0,93.0,0.0,0.0,12.8,17.8,10.0,290.0,280.0,8.9,12.5,1.0,,,,,,
2022-04-09,28.0,10034.0,10020.0,72.0,4.4,0.5,58.0,43.0,74.0,0.0,0.0,11.4,13.3,8.9,310.0,310.0,11.2,13.9,,,,,,,
2022-04-10,-28.0,10088.0,10064.0,39.0,7.9,0.0,47.0,36.0,63.0,0.0,0.0,8.6,9.4,6.1,320.0,300.0,13.4,16.1,,,,,,,
2022-04-11,-22.0,10183.0,10169.0,50.0,4.7,0.0,46.0,23.0,64.0,0.0,0.0,8.8,15.6,5.6,190.0,190.0,9.8,11.6,,,,,,,
2022-04-12,50.0,10163.0,10152.0,100.0,3.3,1.0,54.0,27.0,75.0,0.0,0.0,13.4,21.7,10.0,300.0,310.0,7.2,9.4,,,,,,,
2022-04-13,83.0,10149.0,10146.0,117.0,3.4,0.0,63.0,40.0,77.0,0.0,0.0,15.4,20.6,10.0,170.0,140.0,7.6,10.7,,,,,,,
2022-04-14,89.0,10085.0,10068.0,122.0,4.9,2.8,63.0,33.0,81.0,0.0,0.0,16.3,21.7,12.8,320.0,320.0,12.5,16.1,,,1.0,,,,
2022-04-15,-39.0,10183.0,10166.0,72.0,5.5,0.0,29.0,13.0,53.0,0.0,0.0,15.7,20.6,10.6,180.0,180.0,13.0,17.0,,,,,,,
2022-04-16,22.0,10129.0,10119.0,83.0,5.6,3.6,47.0,29.0,79.0,0.0,0.0,15.7,21.1,7.2,330.0,330.0,11.6,14.3,,,,,,,
2022-04-17,-50.0,10203.0,10179.0,28.0,7.0,0.0,42.0,27.0,74.0,0.0,0.0,8.3,10.0,5.6,290.0,290.0,12.5,16.1,,,,,,,
2022-04-18,-28.0,10230.0,10240.0,39.0,5.7,23.4,50.0,32.0,86.0,0.0,0.0,7.9,11.7,5.0,70.0,80.0,11.6,14.8,1.0,,,,,,
2022-04-19,-6.0,10071.0,10051.0,44.0,8.8,29.0,58.0,35.0,90.0,0.0,0.0,7.6,10.0,4.4,260.0,280.0,14.3,18.3,1.0,,,,,,
2022-04-20,-33.0,10264.0,10237.0,50.0,5.5,0.0,41.0,22.0,71.0,0.0,0.0,9.4,15.6,6.1,300.0,290.0,11.6,14.8,,,,,,,
2022-04-21,28.0,10298.0,10295.0,72.0,5.4,0.0,59.0,34.0,83.0,0.0,0.0,10.6,15.0,7.2,170.0,170.0,11.6,16.1,,,,,,,
2022-04-22,6.0,10274.0,10261.0,89.0,4.8,0.0,39.0,19.0,67.0,0.0,0.0,14.6,20.0,11.1,300.0,330.0,10.3,12.5,,,,,,,
2022-04-23,11.0,10271.0,10268.0,72.0,3.1,0.0,45.0,31.0,59.0,0.0,0.0,13.3,16.1,10.0,180.0,150.0,7.2,8.5,,,,,,,
2022-04-24,6.0,10227.0,10230.0,72.0,4.1,0.0,47.0,32.0,77.0,0.0,0.0,12.8,15.6,8.9,40.0,150.0,8.1,10.3,,,,,,,
2022-04-25,17.0,10237.0,10230.0,67.0,4.2,0.0,54.0,39.0,66.0,0.0,0.0,10.4,14.4,7.8,140.0,60.0,6.3,8.9,,,,,,,
2022-04-26,83.0,10169.0,10169.0,100.0,3.8,1.3,80.0,59.0,89.0,0.0,0.0,11.5,15.6,10.0,50.0,40.0,7.6,10.7,1.0,,,,,1.0,
2022-04-27,-22.0,10139.0,10125.0,50.0,9.6,0.0,43.0,28.0,74.0,0.0,0.0,11.6,15.0,5.6,310.0,310.0,13.9,17.4,,,,,,,
2022-04-28,-83.0,10159.0,10146.0,28.0,9.3,0.0,31.0,16.0,55.0,0.0,0.0,8.2,13.3,5.0,320.0,320.0,13.9,18.3,,,,,,,
2022-04-29,-111.0,10179.0,10166.0,33.0,7.7,0.0,21.0,11.0,32.0,0.0,0.0,10.4,16.7,5.6,330.0,320.0,13.4,15.7,,,,,,,
2022-04-30,-61.0,10190.0,10179.0,56.0,3.6,0.0,27.0,18.0,49.0,0.0,0.0,12.9,19.4,8.3,160.0,350.0,7.2,9.4,,,,,,,
2022-05-01,11.0,10193.0,10179.0,83.0,3.8,0.0,46.0,23.0,74.0,0.0,0.0,13.6,19.4,8.9,160.0,150.0,7.2,8.9,,,,,,,
2022-05-02,83.0,10176.0,10163.0,100.0,4.3,8.9,83.0,60.0,89.0,0.0,0.0,12.1,13.9,10.0,130.0,40.0,8.9,10.3,1.0,,1.0,,,1.0,
2022-05-03,78.0,10203.0,10190.0,100.0,4.5,0.0,73.0,58.0,86.0,0.0,0.0,12.4,16.1,10.0,50.0,50.0,7.6,10.3,1.0,,,,,,
2022-05-04,94.0,10152.0,10142.0,111.0,2.7,3.0,80.0,63.0,89.0,0.0,0.0,12.0,19.4,10.0,60.0,60.0,6.3,8.1,1.0,,,,,1.0,
2022-05-05,67.0,10173.0,10163.0,117.0,4.1,0.0,50.0,29.0,74.0,0.0,0.0,17.2,21.7,13.3,340.0,360.0,7.2,9.4,,,,,,,
2022-05-06,89.0,10132.0,10125.0,111.0,3.8,18.8,78.0,54.0,87.0,0.0,0.0,14.8,16.7,10.0,110.0,110.0,7.6,9.8,1.0,,,,,,
2022-05-07,56.0,10112.0,10095.0,78.0,8.9,26.9,76.0,52.0,89.0,0.0,0.0,10.0,11.1,7.8,50.0,50.0,14.8,17.9,1.0,,,,,,
2022-05-08,-11.0,10190.0,10173.0,61.0,8.0,0.5,43.0,26.0,61.0,0.0,0.0,10.4,15.0,7.8,60.0,60.0,13.4,16.1,,,,,,,
2022-05-09,-50.0,10234.0,10224.0,61.0,7.0,0.0,27.0,17.0,37.0,0.0,0.0,13.5,20.6,8.3,50.0,50.0,10.7,12.5,,,,,,,
2022-05-10,-17.0,10268.0,10251.0,78.0,6.4,0.0,33.0,18.0,59.0,0.0,0.0,15.4,21.7,11.7,40.0,40.0,11.6,14.8,,,,,,,
2022-05-11,28.0,10247.0,10234.0,100.0,4.1,0.0,42.0,27.0,69.0,0.0,0.0,16.1,24.4,11.7,50.0,40.0,9.4,11.2,,,,,,,
2022-05-12,128.0,10254.0,10240.0,144.0,4.2,0.0,74.0,65.0,90.0,0.0,0.0,17.1,22.2,13.9,60.0,60.0,7.6,10.7,1.0,,,,,,
2022-05-13,139.0,10240.0,10230.0,144.0,3.9,0.0,88.0,78.0,97.0,0.0,0.0,16.0,18.9,13.3,50.0,40.0,9.4,10.3,1.0,1.0,,,,1.0,
2022-05-14,156.0,10176.0,10169.0,167.0,2.9,7.1,87.0,67.0,97.0,0.0,0.0,17.9,23.3,14.4,160.0,150.0,8.1,9.8,1.0,1.0,,,,1.0,
2022-05-15,150.0,10112.0,10102.0,167.0,3.1,0.5,78.0,54.0,93.0,0.0,0.0,18.8,25.6,15.0,190.0,180.0,8.1,9.8,1.0,,,,,,
2022-05-16,156.0,10044.0,10041.0,172.0,4.6,11.9,73.0,60.0,81.0,0.0,0.0,20.4,23.9,16.7,290.0,300.0,14.3,17.9,,,1.0,,,,
2022-05-17,56.0,10078.0,10058.0,122.0,7.0,0.0,41.0,23.0,64.0,0.0,0.0,19.7,25.6,15.0,300.0,290.0,14.8,19.2,,,,,,,
2022-05-18,44.0,10132.0,10119.0,111.0,4.9,0.0,44.0,22.0,58.0,0.0,0.0,17.8,22.8,13.9,300.0,300.0,9.4,11.2,,,,,,,
2022-05-19,111.0,10081.0,10071.0,128.0,3.0,18.3,80.0,58.0,90.0,0.0,0.0,15.5,20.0,12.8,130.0,140.0,6.3,7.6,1.0,,,,,1.0,
2022-05-20,133.0,10135.0,10122.0,144.0,3.7,11.2,86.0,73.0,93.0,0.0,0.0,15.4,20.0,12.2,60.0,60.0,7.6,9.8,1.0,1.0,1.0,,,1.0,
2022-05-21,172.0,10152.0,10146.0,194.0,2.6,0.0,67.0,42.0,100.0,0.0,0.0,21.2,32.8,14.4,170.0,170.0,6.7,8.1,,1.0,,,,1.0,
2022-05-22,172.0,10152.0,10135.0,206.0,3.8,0.0,57.0,33.0,74.0,0.0,0.0,27.8,33.3,21.7,170.0,330.0,8.9,10.3,,,1.0,,,,
2022-05-23,72.0,10213.0,10193.0,133.0,5.0,0.0,45.0,27.0,68.0,0.0,0.0,21.0,22.8,16.7,360.0,360.0,9.8,12.1,,,,,,,
2022-05-24,83.0,10257.0,10240.0,122.0,5.1,0.0,58.0,48.0,72.0,0.0,0.0,17.4,18.3,14.4,50.0,50.0,8.9,11.2,,,,,,,
2022-05-25,67.0,10281.0,10268.0,111.0,3.6,0.0,55.0,42.0,74.0,0.0,0.0,16.2,21.1,12.8,160.0,190.0,6.7,9.4,,,,,,,
2022-05-26,111.0,10237.0,10234.0,139.0,4.5,0.0,67.0,53.0,87.0,0.0,0.0,16.4,21.1,12.8,180.0,150.0,8.1,10.3,,,,,,,
2022-05-27,172.0,10122.0,10122.0,183.0,4.4,4.1,82.0,64.0,96.0,0.0,0.0,20.2,26.1,17.8,170.0,170.0,10.3,12.5,1.0,1.0,1.0,,,1.0,
2022-05-28,161.0,10075.0,10058.0,178.0,3.5,6.9,74.0,57.0,90.0,0.0,0.0,20.4,25.0,17.2,280.0,290.0,14.3,18.3,1.0,,1.0,,,,
2022-05-29,117.0,10173.0,10152.0,156.0,2.6,0.0,57.0,37.0,75.0,0.0,0.0,20.7,26.1,16.7,180.0,190.0,8.1,9.8,,,,,,,
2022-05-30,150.0,10179.0,10169.0,189.0,3.6,0.0,57.0,39.0,75.0,0.0,0.0,23.3,30.0,18.3,170.0,170.0,8.9,10.3,,,,,,,
2022-05-31,,,,,5.1,0.0,43.0,30.0,62.0,0.0,0.0,28.3,33.9,17.2,50.0,330.0,10.3,12.5,,,,,,,
2022-06-01,128.0,10135.0,10132.0,144.0,5.1,21.3,78.0,65.0,90.0,0.0,0.0,17.8,19.4,15.0,50.0,50.0,10.3,11.6,1.0,,1.0,,,,
2022-06-02,172.0,10071.0,10061.0,183.0,3.1,13.2,80.0,56.0,93.0,0.0,0.0,20.3,28.3,16.7,340.0,330.0,11.2,15.7,1.0,,1.0,,,,
2022-06-03,150.0,10078.0,10064.0,172.0,3.8,0.0,73.0,47.0,93.0,0.0,0.0,19.5,23.9,16.1,50.0,40.0,6.7,8.1,1.0,1.0,,,,1.0,
2022-06-04,111.0,10112.0,10098.0,156.0,3.0,0.0,52.0,28.0,79.0,0.0,0.0,21.9,27.2,17.2,180.0,170.0,9.4,11.2,,,,,,,
2022-06-05,39.0,10152.0,10135.0,117.0,3.2,0.0,34.0,24.0,48.0,0.0,0.0,20.0,24.4,15.6,310.0,340.0,7.2,10.3,,,,,,,
2022-06-06,61.0,10169.0,10152.0,139.0,3.0,0.0,34.0,22.0,56.0,0.0,0.0,22.2,27.2,17.8,160.0,180.0,9.4,11.6,,,,,,,
2022-06-07,133.0,10163.0,10152.0,167.0,6.9,1.3,61.0,38.0,84.0,0.0,0.0,21.8,25.6,18.3,170.0,150.0,12.5,16.5,,,,,,,
2022-06-08,156.0,10108.0,10102.0,189.0,4.1,0.0,60.0,25.0,87.0,0.0,0.0,23.7,29.4,19.4,190.0,190.0,8.1,11.2,,,,,,,
2022-06-09,144.0,10041.0,10030.0,183.0,6.5,17.8,58.0,36.0,90.0,0.0,0.0,24.4,29.4,18.9,270.0,260.0,11.2,14.8,1.0,,1.0,,,,
2022-06-10,83.0,10102.0,10091.0,144.0,4.4,0.0,42.0,27.0,61.0,0.0,0.0,21.8,26.7,17.8,280.0,280.0,8.1,11.6,,,,,,,
2022-06-11,117.0,10129.0,10115.0,156.0,3.5,5.8,56.0,36.0,70.0,0.0,0.0,21.8,23.9,18.3,210.0,200.0,6.7,8.5,,,,,,,
2022-06-12,156.0,10142.0,10132.0,178.0,4.2,2.0,74.0,63.0,84.0,0.0,0.0,20.5,22.8,17.8,170.0,160.0,9.4,11.2,,,,,,,
2022-06-13,167.0,10122.0,10112.0,200.0,2.4,0.0,60.0,30.0,87.0,0.0,0.0,24.2,30.0,20.6,230.0,230.0,6.7,9.4,,,1.0,,,1.0,
2022-06-14,106.0,10129.0,10115.0,161.0,2.9,0.0,45.0,34.0,57.0,0.0,0.0,23.9,28.3,19.4,60.0,30.0,5.8,7.6,,,,,,,
2022-06-15,133.0,10186.0,10169.0,172.0,4.4,0.0,58.0,42.0,70.0,0.0,0.0,23.3,27.2,19.4,180.0,180.0,9.4,10.7,,,,,,,
2022-06-16,150.0,10190.0,10190.0,172.0,5.5,7.1,71.0,63.0,81.0,0.0,0.0,20.3,22.8,17.2,170.0,180.0,9.8,13.4,,,1.0,,,,
2022-06-17,150.0,10054.0,10054.0,194.0,5.6,0.0,52.0,26.0,79.0,0.0,0.0,25.2,33.3,21.1,270.0,260.0,12.5,15.2,,,,,,,
2022-06-18,78.0,10068.0,10047.0,133.0,8.4,0.0,49.0,37.0,53.0,0.0,0.0,21.7,25.0,15.0,320.0,310.0,13.9,18.3,,,,,,,
2022-06-19,33.0,10139.0,10122.0,111.0,7.2,0.0,39.0,23.0,56.0,0.0,0.0,17.3,23.3,13.3,340.0,340.0,12.5,16.1,,,,,,,
2022-06-20,56.0,10190.0,10179.0,133.0,4.0,0.0,36.0,23.0,50.0,0.0,0.0,20.5,26.1,16.1,310.0,310.0,7.6,9.8,,,,,,,
2022-06-21,111.0,10193.0,10186.0,156.0,2.7,2.3,57.0,35.0,87.0,0.0,0.0,22.1,25.0,17.8,50.0,60.0,6.3,8.9,1.0,,,,,,
2022-06-22,150.0,10166.0,10156.0,161.0,4.6,2.5,79.0,73.0,84.0,0.0,0.0,19.1,20.0,16.7,120.0,150.0,7.6,10.3,1.0,,,,,1.0,
2022-06-23,144.0,10149.0,10139.0,167.0,3.8,0.0,72.0,51.0,90.0,0.0,0.0,19.2,23.9,15.6,50.0,60.0,7.2,11.2,,,,,,,
2022-06-24,161.0,10163.0,10152.0,183.0,2.5,0.0,67.0,46.0,87.0,0.0,0.0,21.9,28.3,17.8,170.0,160.0,8.1,10.3,,,,,,,
2022-06-25,156.0,10186.0,10169.0,194.0,3.2,0.0,53.0,26.0,76.0,0.0,0.0,25.8,32.2,20.6,160.0,150.0,7.6,9.4,,,,,,,
2022-06-26,156.0,10176.0,10169.0,200.0,4.0,0.0,50.0,32.0,76.0,0.0,0.0,27.0,32.8,21.7,160.0,190.0,10.7,13.9,,,,,,,
2022-06-27,178.0,10142.0,10129.0,200.0,4.0,12.2,72.0,58.0,87.0,0.0,0.0,24.3,26.1,20.6,190.0,190.0,8.1,10.3,1.0,,,,,,
2022-06-28,100.0,10203.0,10186.0,156.0,3.5,0.0,46.0,35.0,63.0,0.0,0.0,22.4,26.1,20.0,320.0,60.0,6.3,8.9,,,,,,,
2022-06-29,128.0,10220.0,10210.0,178.0,3.2,0.0,51.0,28.0,81.0,0.0,0.0,23.9,30.0,18.9,190.0,180.0,8.9,10.7,,,,,,,
2022-06-30,133.0,10210.0,10200.0,183.0,3.4,0.0,47.0,28.0,63.0,0.0,0.0,25.4,31.1,21.7,170.0,170.0,7.2,8.5,,,,,,,
2022-07-01,183.0,10159.0,10152.0,217.0,4.7,0.0,53.0,38.0,72.0,0.0,0.0,28.1,35.0,23.9,230.0,230.0,9.8,13.9,,,1.0,,,,
2022-07-02,189.0,10122.0,10108.0,222.0,4.0,0.0,57.0,41.0,74.0,0.0,0.0,28.7,32.8,25.0,160.0,160.0,9.4,10.7,,,,,,,
2022-07-03,122.0,10159.0,10142.0,183.0,3.7,0.0,43.0,20.0,76.0,0.0,0.0,26.9,31.1,23.3,330.0,320.0,8.1,10.3,,,,,,,
2022-07-04,83.0,10200.0,10186.0,161.0,2.8,0.0,35.0,21.0,55.0,0.0,0.0,25.6,30.6,20.0,310.0,310.0,6.7,8.9,,,,,,,
2022-07-05,150.0,10149.0,10149.0,189.0,5.5,2.0,55.0,31.0,79.0,0.0,0.0,25.9,31.1,22.8,180.0,180.0,10.7,13.9,,,,,,,
2022-07-06,172.0,10105.0,10088.0,206.0,4.6,0.0,59.0,43.0,79.0,0.0,0.0,26.0,30.0,22.8,320.0,320.0,9.4,12.1,,,,,,,
2022-07-07,161.0,10156.0,10139.0,189.0,4.7,0.0,64.0,45.0,79.0,0.0,0.0,24.2,27.8,21.1,120.0,50.0,7.2,10.3,,,,,,,
2022-07-08,178.0,10152.0,10142.0,200.0,3.0,7.4,71.0,51.0,84.0,0.0,0.0,23.5,30.0,20.0,180.0,210.0,6.7,9.4,,,,,,,
2022-07-09,144.0,10163.0,10149.0,183.0,3.1,0.0,51.0,38.0,84.0,0.0,0.0,24.7,28.9,22.2,60.0,60.0,6.7,8.1,,,,,,,
2022-07-10,111.0,10173.0,10163.0,161.0,4.7,0.0,49.0,30.0,76.0,0.0,0.0,23.4,27.8,20.0,170.0,40.0,7.6,9.8,,,,,,,
2022-07-11,128.0,10132.0,10125.0,172.0,5.2,0.0,49.0,36.0,68.0,0.0,0.0,24.0,28.9,20.6,190.0,180.0,10.7,13.4,,,,,,,
2022-07-12,178.0,10075.0,10068.0,211.0,5.5,0.0,57.0,46.0,79.0,0.0,0.0,25.8,32.8,21.7,160.0,170.0,10.3,11.6,,,,,,,
2022-07-13,161.0,10108.0,10091.0,206.0,3.5,0.0,49.0,27.0,67.0,0.0,0.0,28.9,33.3,23.9,170.0,180.0,7.6,10.3,,,,,,,
2022-07-14,156.0,10146.0,10125.0,200.0,3.4,0.0,52.0,34.0,76.0,0.0,0.0,26.6,32.2,22.2,310.0,330.0,7.2,8.9,,,,,,,
2022-07-15,139.0,10200.0,10186.0,183.0,3.9,0.0,50.0,31.0,69.0,0.0,0.0,26.1,30.0,22.2,160.0,60.0,6.7,10.3,,,,,,,
2022-07-16,189.0,10183.0,10173.0,211.0,3.5,14.0,73.0,53.0,84.0,0.0,0.0,24.3,28.9,20.6,300.0,310.0,14.8,18.3,,,1.0,,,,
2022-07-17,189.0,10159.0,10149.0,217.0,3.2,0.0,64.0,53.0,79.0,0.0,0.0,25.7,28.9,22.8,180.0,180.0,7.2,8.9,,,,,,,
2022-07-18,211.0,10112.0,10108.0,228.0,4.6,8.6,75.0,59.0,85.0,0.0,0.0,26.2,31.1,22.8,270.0,250.0,10.3,13.9,1.0,,1.0,,,1.0,
2022-07-19,172.0,10078.0,10064.0,211.0,5.6,0.0,49.0,34.0,69.0,0.0,0.0,28.2,33.9,23.9,260.0,250.0,9.8,13.0,,,,,,,
2022-07-20,183.0,10071.0,10058.0,228.0,3.7,0.0,47.0,36.0,58.0,0.0,0.0,31.3,36.1,26.7,160.0,160.0,9.4,11.2,,,,,,,
2022-07-21,200.0,10044.0,10034.0,233.0,4.7,14.5,55.0,28.0,88.0,0.0,0.0,29.8,36.1,23.3,320.0,40.0,12.5,18.3,1.0,,1.0,,,,
2022-07-22,167.0,10108.0,10091.0,211.0,3.5,0.0,46.0,25.0,62.0,0.0,0.0,30.9,35.6,26.1,330.0,300.0,9.4,13.9,,,,,,,
2022-07-23,172.0,10152.0,10135.0,217.0,3.5,0.0,47.0,23.0,65.0,0.0,0.0,30.3,36.1,26.1,190.0,180.0,8.9,10.3,,,,,,,
2022-07-24,178.0,10146.0,10135.0,222.0,4.9,0.0,44.0,26.0,63.0,0.0,0.0,31.1,36.7,27.8,160.0,170.0,9.4,11.2,,,,,,,
2022-07-25,217.0,10112.0,10102.0,239.0,4.7,19.3,64.0,53.0,76.0,0.0,0.0,29.8,31.7,23.3,310.0,300.0,13.0,17.0,,,1.0,,,,
2022-07-26,128.0,10149.0,10135.0,178.0,3.4,0.0,47.0,35.0,81.0,0.0,0.0,25.9,27.8,22.2,50.0,50.0,9.8,11.6,,,,,,,
2022-07-27,156.0,10132.0,10125.0,189.0,3.6,0.0,55.0,36.0,76.0,0.0,0.0,25.5,30.0,21.1,190.0,170.0,7.6,9.8,,,,,,,
2022-07-28,211.0,10098.0,10088.0,228.0,4.3,2.0,67.0,50.0,88.0,0.0,0.0,26.7,31.1,23.9,170.0,180.0,9.4,10.7,,,1.0,,,,
2022-07-29,178.0,10119.0,10108.0,211.0,3.5,0.5,56.0,36.0,74.0,0.0,0.0,28.2,30.6,23.9,270.0,260.0,6.7,8.9,,,,,,,
2022-07-30,139.0,10166.0,10146.0,189.0,4.7,0.0,45.0,30.0,69.0,0.0,0.0,26.7,31.1,23.3,310.0,320.0,8.9,11.6,,,,,,,
2022-07-31,150.0,10203.0,10196.0,194.0,3.4,0.0,51.0,35.0,67.0,0.0,0.0,26.3,30.6,22.2,160.0,160.0,7.2,9.4,,,,,,,
2022-08-01,183.0,10139.0,10132.0,200.0,3.1,10.4,79.0,64.0,90.0,0.0,0.0,23.1,26.1,20.0,60.0,60.0,6.3,11.2,1.0,,,,,1.0,
2022-08-02,183.0,10095.0,10085.0,217.0,3.6,0.0,58.0,34.0,84.0,0.0,0.0,26.4,33.9,21.7,250.0,270.0,7.2,9.4,,,,,,,
2022-08-03,172.0,10149.0,10129.0,206.0,3.9,0.0,55.0,28.0,74.0,0.0,0.0,27.6,33.3,23.3,180.0,160.0,7.6,9.8,,,,,,,
2022-08-04,189.0,10166.0,10152.0,222.0,4.2,0.0,51.0,38.0,72.0,0.0,0.0,29.1,34.4,26.1,190.0,190.0,10.3,12.5,,,,,,,
2022-08-05,189.0,10196.0,10183.0,222.0,3.6,0.0,54.0,38.0,62.0,0.0,230.0,29.3,34.4,26.7,260.0,250.0,7.6,9.8,,,,,,,
2022-08-06,194.0,10217.0,10203.0,228.0,4.2,0.0,54.0,38.0,67.0,0.0,0.0,29.6,34.4,26.1,220.0,220.0,8.9,11.6,,,,,,,
2022-08-07,211.0,10200.0,10190.0,239.0,4.8,15.5,60.0,44.0,74.0,0.0,0.0,29.6,33.9,25.0,240.0,200.0,10.3,14.8,,,1.0,,,,
2022-08-08,211.0,10146.0,10135.0,244.0,5.5,0.0,59.0,44.0,76.0,0.0,0.0,30.3,34.4,26.7,160.0,170.0,9.4,11.6,,,,,,,
2022-08-09,217.0,10125.0,10112.0,244.0,4.0,1.3,59.0,37.0,77.0,0.0,0.0,31.3,36.7,26.7,310.0,310.0,13.0,17.0,,,1.0,,,,
2022-08-10,172.0,10159.0,10149.0,206.0,3.8,0.0,57.0,46.0,74.0,0.0,0.0,27.2,30.0,23.9,180.0,80.0,6.7,8.5,,,,,,,
2022-08-11,172.0,10119.0,10108.0,206.0,3.3,3.3,59.0,26.0,88.0,0.0,0.0,26.6,32.8,23.3,170.0,260.0,7.6,8.9,1.0,,,,,,
2022-08-12,94.0,10152.0,10142.0,161.0,5.0,0.0,39.0,25.0,59.0,0.0,0.0,25.6,29.4,22.2,20.0,10.0,8.9,11.2,,,,,,,
2022-08-13,89.0,10183.0,10173.0,150.0,4.0,0.0,42.0,30.0,55.0,0.0,0.0,23.1,26.7,18.9,360.0,350.0,7.6,10.3,,,,,,,
2022-08-14,106.0,10173.0,10163.0,161.0,3.9,0.0,43.0,27.0,53.0,0.0,0.0,24.0,28.3,21.1,170.0,170.0,9.4,11.2,,,,,,,
2022-08-15,128.0,10152.0,10142.0,172.0,2.9,0.0,49.0,32.0,61.0,0.0,0.0,24.3,28.3,21.7,130.0,60.0,6.3,9.8,,,,,,,
2022-08-16,133.0,10159.0,10149.0,178.0,3.8,0.0,54.0,31.0,78.0,0.0,0.0,23.6,28.9,19.4,60.0,60.0,8.1,10.7,,,,,,,
2022-08-17,128.0,10149.0,10139.0,172.0,3.0,7.9,54.0,39.0,78.0,0.0,0.0,23.6,27.8,20.0,60.0,50.0,9.8,12.1,,,1.0,,,,
2022-08-18,133.0,10125.0,10115.0,178.0,3.4,0.0,50.0,25.0,76.0,0.0,0.0,24.1,31.1,20.0,190.0,260.0,7.2,9.4,,,,,,,
2022-08-19,139.0,10173.0,10163.0,189.0,3.6,0.0,46.0,29.0,64.0,0.0,0.0,26.3,32.2,22.8,180.0,180.0,9.4,12.1,,,,,,,
2022-08-20,167.0,10203.0,10193.0,206.0,3.2,0.0,52.0,36.0,67.0,0.0,0.0,27.9,32.8,24.4,180.0,170.0,8.9,11.2,,,,,,,
2022-08-21,189.0,10190.0,10179.0,211.0,3.9,0.0,68.0,54.0,87.0,0.0,0.0,25.3,28.3,22.8,140.0,140.0,6.3,8.9,,,,,,,
2022-08-22,200.0,10125.0,10108.0,217.0,3.4,6.1,78.0,61.0,87.0,0.0,0.0,24.5,27.2,22.8,160.0,160.0,7.6,9.4,,,1.0,,,,
2022-08-23,183.0,10095.0,10085.0,211.0,3.9,0.0,64.0,37.0,91.0,0.0,0.0,25.9,31.1,22.8,300.0,290.0,9.4,11.6,1.0,,,,,,
2022-08-24,150.0,10139.0,10129.0,194.0,4.0,0.0,48.0,27.0,69.0,0.0,0.0,26.9,32.2,23.3,310.0,260.0,6.7,9.4,,,,,,,
2022-08-25,144.0,10163.0,10149.0,194.0,3.3,0.0,45.0,27.0,62.0,0.0,0.0,28.1,32.8,23.9,170.0,170.0,8.9,10.7,,,,,,,
2022-08-26,189.0,10129.0,10119.0,222.0,4.0,7.1,60.0,46.0,74.0,0.0,0.0,27.4,31.1,25.6,170.0,190.0,9.4,11.2,,,1.0,,,,
2022-08-27,172.0,10152.0,10135.0,206.0,3.0,0.0,57.0,37.0,79.0,0.0,0.0,27.8,31.1,23.9,160.0,50.0,6.3,8.1,,,,,,,
2022-08-28,189.0,10207.0,10193.0,206.0,4.7,0.0,72.0,64.0,85.0,0.0,0.0,24.6,26.7,22.8,50.0,50.0,7.2,9.8,,,,,,,
2022-08-29,200.0,10186.0,10179.0,222.0,4.6,0.0,69.0,55.0,82.0,0.0,0.0,26.0,30.6,23.9,170.0,180.0,9.8,12.1,,,,,,,
2022-08-30,206.0,10112.0,10108.0,228.0,5.1,1.0,69.0,46.0,84.0,0.0,0.0,26.8,31.7,23.9,180.0,170.0,11.2,14.8,,,,,,,
2022-08-31,133.0,10088.0,10075.0,183.0,5.3,0.0,48.0,29.0,79.0,0.0,0.0,25.6,29.4,22.2,300.0,300.0,10.3,13.9,,,,,,,
2022-09-01,89.0,10135.0,10115.0,161.0,5.8,0.0,37.0,24.0,52.0,0.0,0.0,25.9,30.0,20.6,310.0,300.0,8.9,12.1,,,,,,,
2022-09-02,111.0,10237.0,10217.0,156.0,4.4,0.0,54.0,42.0,68.0,0.0,0.0,21.7,25.6,17.2,40.0,50.0,7.2,8.9,,,,,,,
2022-09-03,150.0,10237.0,10230.0,183.0,3.1,0.0,61.0,46.0,78.0,0.0,0.0,22.8,27.8,20.0,160.0,70.0,6.3,8.5,,,,,,,
2022-09-04,183.0,10193.0,10186.0,211.0,3.0,0.0,63.0,41.0,77.0,0.0,0.0,25.3,31.7,22.8,160.0,160.0,7.6,8.9,,,,,,,
2022-09-05,194.0,10179.0,10169.0,217.0,3.9,0.3,70.0,46.0,85.0,0.0,0.0,25.8,30.6,23.3,180.0,170.0,8.1,10.3,,,,,,,
2022-09-06,189.0,10156.0,10146.0,200.0,3.8,29.5,82.0,76.0,88.0,0.0,0.0,23.3,24.4,20.0,60.0,70.0,10.3,12.5,1.0,,,,,1.0,
2022-09-07,156.0,10152.0,10142.0,178.0,6.0,0.0,71.0,59.0,84.0,0.0,0.0,20.8,23.3,19.4,60.0,60.0,10.7,13.0,,,,,,1.0,
2022-09-08,139.0,10129.0,10119.0,172.0,3.5,0.0,60.0,47.0,73.0,0.0,0.0,21.8,25.6,18.3,70.0,50.0,7.2,9.4,,,,,,,
2022-09-09,128.0,10183.0,10163.0,167.0,4.0,0.0,58.0,27.0,76.0,0.0,0.0,21.9,27.2,17.8,50.0,60.0,6.3,9.8,,,,,,,
2022-09-10,128.0,10227.0,10213.0,178.0,2.7,0.0,51.0,21.0,73.0,0.0,0.0,23.6,30.0,20.0,190.0,140.0,6.7,8.9,,,,,,,
2022-09-11,172.0,10190.0,10190.0,189.0,2.6,6.9,73.0,56.0,93.0,0.0,0.0,23.2,25.0,19.4,50.0,60.0,4.5,7.6,1.0,,,,,,
2022-09-12,194.0,10102.0,10095.0,206.0,3.0,23.6,78.0,62.0,93.0,0.0,0.0,22.4,27.8,20.6,170.0,60.0,5.8,8.1,1.0,,1.0,,,,
2022-09-13,172.0,10071.0,10058.0,200.0,4.3,42.9,66.0,39.0,91.0,0.0,0.0,24.7,28.9,20.0,260.0,250.0,9.8,13.4,1.0,,1.0,,,,
2022-09-14,122.0,10139.0,10119.0,167.0,5.2,0.0,51.0,39.0,63.0,0.0,0.0,22.9,26.7,18.3,310.0,310.0,8.9,11.6,,,,,,,
2022-09-15,78.0,10203.0,10186.0,139.0,4.8,0.0,44.0,29.0,64.0,0.0,0.0,21.8,23.3,18.3,330.0,340.0,10.7,13.0,,,,,,,
2022-09-16,56.0,10217.0,10207.0,128.0,2.6,0.0,41.0,23.0,60.0,0.0,0.0,19.6,25.0,15.0,50.0,60.0,5.4,6.3,,,,,,,
2022-09-17,128.0,10234.0,10224.0,161.0,4.2,0.0,60.0,51.0,73.0,0.0,0.0,20.8,23.3,18.3,210.0,50.0,6.3,10.3,,,,,,,
2022-09-18,144.0,10173.0,10166.0,183.0,5.0,0.0,55.0,38.0,76.0,0.0,0.0,23.4,29.4,20.0,240.0,230.0,8.9,11.2,,,,,,,
2022-09-19,156.0,10122.0,10112.0,189.0,4.3,1.8,58.0,36.0,73.0,0.0,0.0,25.6,30.0,21.7,270.0,260.0,13.4,16.5,,,1.0,,,,
2022-09-20,144.0,10119.0,10102.0,178.0,5.2,0.0,59.0,45.0,76.0,0.0,0.0,23.2,26.1,20.6,290.0,290.0,10.3,13.0,,,,,,,
2022-09-21,139.0,10122.0,10119.0,172.0,3.3,0.0,60.0,41.0,71.0,0.0,0.0,22.0,27.2,18.3,170.0,170.0,8.1,9.4,,,,,,,
2022-09-22,133.0,10041.0,10034.0,161.0,6.2,4.3,65.0,42.0,81.0,0.0,0.0,21.8,25.6,14.4,310.0,310.0,13.0,17.0,,,1.0,,,,
2022-09-23,28.0,10129.0,10108.0,89.0,8.8,0.0,48.0,30.0,64.0,0.0,0.0,15.1,17.8,11.1,310.0,340.0,13.0,16.1,,,,,,,
2022-09-24,39.0,10146.0,10135.0,100.0,4.3,0.0,44.0,32.0,59.0,0.0,0.0,14.5,21.7,10.6,330.0,330.0,8.9,11.2,,,,,,,
2022-09-25,111.0,10064.0,10061.0,144.0,4.3,19.8,62.0,43.0,78.0,0.0,0.0,19.2,25.0,16.1,260.0,270.0,10.7,14.3,1.0,,1.0,,,,
2022-09-26,94.0,10058.0,10037.0,144.0,4.9,0.0,51.0,30.0,80.0,0.0,0.0,19.4,25.6,15.6,220.0,260.0,8.9,13.4,,,,,,,
2022-09-27,61.0,10112.0,10091.0,122.0,4.3,0.0,44.0,38.0,52.0,0.0,0.0,19.7,21.7,16.7,270.0,270.0,8.9,11.6,,,,,,,
2022-09-28,78.0,10193.0,10173.0,122.0,4.5,0.0,54.0,42.0,67.0,0.0,0.0,17.2,21.1,12.8,360.0,10.0,7.2,9.8,,,,,,,
2022-09-29,61.0,10271.0,10254.0,111.0,5.1,0.0,52.0,43.0,62.0,0.0,0.0,16.6,19.4,13.3,20.0,20.0,8.9,11.2,,,,,,,
2022-09-30,67.0,10247.0,10234.0,106.0,5.6,0.0,60.0,54.0,67.0,0.0,0.0,14.5,17.8,11.7,70.0,60.0,8.9,10.3,,,,,,,
2022-10-01,106.0,10169.0,10156.0,133.0,7.8,16.8,72.0,32.0,87.0,0.0,0.0,14.8,17.2,11.7,50.0,50.0,13.4,16.1,1.0,,,,,,
2022-10-02,89.0,10193.0,10169.0,122.0,10.2,1.8,62.0,44.0,72.0,0.0,0.0,15.2,16.7,11.7,50.0,50.0,16.1,21.0,,,,,,,
2022-10-03,150.0,10237.0,10213.0,183.0,8.4,11.4,61.0,46.0,78.0,0.0,0.0,11.5,12.8,9.4,40.0,40.0,13.0,16.1,,,,,,,
2022-10-04,183.0,10193.0,10146.0,211.0,7.0,45.0,63.0,41.0,77.0,0.0,0.0,10.3,15.0,7.8,30.0,40.0,10.3,13.4,1.0,,1.0,,,1.0,
2022-10-05,139.0,10146.0,10108.0,156.0,4.8,10.7,82.0,72.0,90.0,0.0,0.0,13.8,15.0,12.2,350.0,350.0,7.2,9.8,1.0,,1.0,,,,
2022-10-06,83.0,10142.0,10129.0,133.0,1.7,0.0,53.0,31.0,75.0,0.0,0.0,17.6,24.4,13.9,320.0,20.0,5.4,6.3,,,,,,,
2022-10-07,94.0,10146.0,10129.0,139.0,3.9,0.0,53.0,32.0,72.0,0.0,0.0,20.3,25.6,15.0,320.0,320.0,9.4,11.2,,,,,,,
2022-10-08,22.0,10203.0,10193.0,78.0,4.8,0.5,50.0,38.0,64.0,0.0,0.0,13.9,15.0,10.0,320.0,320.0,9.8,11.6,,,,,,,
2022-10-09,11.0,10203.0,10193.0,78.0,3.5,0.0,45.0,33.0,61.0,0.0,0.0,12.3,17.8,7.8,260.0,300.0,7.6,10.7,,,,,,,
2022-10-10,22.0,10220.0,10207.0,94.0,3.3,0.0,40.0,27.0,57.0,0.0,0.0,15.8,20.6,11.7,270.0,250.0,7.2,10.3,,,,,,,
2022-10-11,67.0,10254.0,10240.0,117.0,2.5,0.0,53.0,32.0,69.0,0.0,0.0,17.0,22.2,12.2,180.0,180.0,6.3,8.1,,,,,,,
2022-10-12,78.0,10217.0,10213.0,128.0,3.5,0.0,54.0,33.0,80.0,0.0,0.0,17.9,21.1,14.4,170.0,180.0,9.4,11.6,,,,,,,
2022-10-13,150.0,10108.0,10108.0,167.0,5.5,19.8,80.0,61.0,90.0,0.0,0.0,18.7,21.7,12.8,300.0,170.0,11.2,14.3,1.0,,1.0,,,,
2022-10-14,72.0,10122.0,10102.0,111.0,3.7,5.1,59.0,30.0,90.0,0.0,0.0,15.7,20.6,11.7,310.0,310.0,8.9,11.6,1.0,,,,,,
2022-10-15,72.0,10159.0,10146.0,117.0,3.6,0.0,56.0,29.0,77.0,0.0,0.0,16.2,20.6,11.7,180.0,190.0,9.8,12.5,,,,,,,
2022-10-16,61.0,10132.0,10125.0,111.0,1.9,0.0,53.0,33.0,77.0,0.0,0.0,16.1,19.4,12.2,360.0,220.0,5.4,6.3,,,,,,,
2022-10-17,106.0,10051.0,10047.0,133.0,3.4,3.3,71.0,49.0,86.0,0.0,0.0,16.6,20.0,13.9,310.0,160.0,7.6,9.8,1.0,,,,,,
2022-10-18,-11.0,10044.0,10030.0,61.0,4.9,0.0,41.0,32.0,62.0,0.0,0.0,12.6,14.4,9.4,300.0,300.0,8.9,11.6,,,,,,,
2022-10-19,-17.0,10102.0,10085.0,50.0,5.0,0.0,44.0,34.0,58.0,0.0,0.0,10.0,12.8,6.7,220.0,230.0,9.4,13.0,,,,,,,
2022-10-20,-11.0,10149.0,10135.0,61.0,5.5,0.0,43.0,24.0,61.0,0.0,0.0,11.1,15.6,7.2,220.0,240.0,9.8,13.0,,,,,,,
2022-10-21,11.0,10200.0,10190.0,78.0,2.4,0.0,44.0,19.0,61.0,0.0,0.0,13.4,17.8,9.4,270.0,280.0,6.3,7.6,,,,,,,
2022-10-22,50.0,10244.0,10234.0,100.0,2.0,0.0,54.0,33.0,74.0,0.0,0.0,14.4,19.4,10.0,160.0,170.0,5.8,7.2,,,,,,,
2022-10-23,,,,,6.0,0.0,,,,0.0,0.0,14.7,16.7,13.3,40.0,50.0,10.3,13.4,,,,,,,
2022-10-24,128.0,10213.0,10207.0,133.0,5.9,11.7,89.0,84.0,93.0,0.0,0.0,14.1,16.7,12.8,60.0,60.0,9.8,11.6,1.0,,,,,1.0,
2022-10-25,161.0,10179.0,10169.0,167.0,3.3,0.3,92.0,87.0,97.0,0.0,0.0,16.9,19.4,16.1,50.0,40.0,6.3,7.2,1.0,1.0,,,,,
2022-10-26,150.0,10095.0,10091.0,167.0,2.9,0.0,82.0,63.0,97.0,0.0,0.0,18.3,23.3,16.7,260.0,270.0,8.1,11.2,1.0,1.0,,,,1.0,
2022-10-27,44.0,10200.0,10169.0,100.0,6.2,0.0,48.0,30.0,70.0,0.0,0.0,16.9,18.3,11.1,320.0,320.0,10.3,13.0,,,,,,,
2022-10-28,6.0,10325.0,10312.0,61.0,4.7,0.0,50.0,34.0,59.0,0.0,0.0,11.3,14.4,7.8,40.0,60.0,9.4,12.1,,,,,,,
2022-10-29,28.0,10305.0,10298.0,72.0,2.6,0.0,58.0,39.0,69.0,0.0,0.0,10.8,15.0,7.2,50.0,70.0,6.3,8.1,,,,,,,
2022-10-30,33.0,10234.0,10230.0,83.0,1.7,0.0,55.0,26.0,80.0,0.0,0.0,12.5,17.8,8.3,50.0,70.0,4.0,6.7,,,,,,,
2022-10-31,100.0,10176.0,10166.0,122.0,2.7,1.8,71.0,54.0,84.0,0.0,0.0,14.4,18.9,11.1,220.0,210.0,5.8,7.6,,,,,,,
2022-11-01,133.0,10163.0,10146.0,150.0,3.9,4.1,77.0,63.0,90.0,0.0,0.0,16.9,19.4,15.0,300.0,300.0,6.7,8.5,1.0,,,,,,
2022-11-02,78.0,10251.0,10230.0,122.0,2.7,0.0,55.0,30.0,78.0,0.0,0.0,17.6,21.7,13.9,40.0,40.0,6.7,8.9,,,,,,,
2022-11-03,83.0,10284.0,10271.0,117.0,2.3,0.0,66.0,41.0,81.0,0.0,0.0,15.7,20.0,11.7,120.0,90.0,5.4,7.2,,,,,,,
2022-11-04,122.0,10271.0,10261.0,139.0,2.7,0.0,79.0,53.0,96.0,0.0,0.0,15.2,22.2,11.1,180.0,190.0,6.7,8.1,1.0,1.0,,,,1.0,
2022-11-05,150.0,10234.0,10224.0,167.0,4.7,0.0,75.0,58.0,84.0,0.0,0.0,19.4,23.9,17.2,170.0,170.0,9.4,12.1,,,,,,,
2022-11-06,161.0,10224.0,10217.0,178.0,3.5,0.3,77.0,66.0,87.0,0.0,0.0,19.8,23.9,17.2,160.0,170.0,6.7,8.5,,,,,,,
2022-11-07,72.0,10224.0,10207.0,139.0,5.8,0.5,47.0,17.0,84.0,0.0,0.0,21.3,25.6,13.3,330.0,330.0,11.2,14.8,,,,,,,
2022-11-08,-39.0,10335.0,10312.0,50.0,6.1,0.0,35.0,23.0,50.0,0.0,0.0,13.2,14.4,8.3,360.0,20.0,9.8,12.5,,,,,,,
2022-11-09,-11.0,10362.0,10356.0,44.0,3.3,0.0,51.0,37.0,68.0,0.0,0.0,8.7,12.2,5.0,360.0,20.0,7.2,9.8,,,,,,,
2022-11-10,78.0,10274.0,10271.0,106.0,2.6,0.0,66.0,47.0,78.0,0.0,0.0,12.6,19.4,8.9,160.0,160.0,6.3,7.2,,,,,,,
2022-11-11,150.0,10135.0,10146.0,161.0,4.2,31.2,87.0,80.0,91.0,0.0,0.0,16.4,20.6,13.9,190.0,200.0,12.5,17.4,1.0,,,,,,
2022-11-12,122.0,10027.0,10007.0,156.0,5.5,2.3,66.0,47.0,91.0,0.0,0.0,19.7,20.6,16.1,170.0,300.0,11.6,14.8,1.0,,,,,,
2022-11-13,28.0,10122.0,10098.0,72.0,6.9,0.5,61.0,39.0,77.0,0.0,0.0,12.9,16.7,6.1,300.0,290.0,11.6,15.2,,,,,,,
2022-11-14,-44.0,10264.0,10237.0,17.0,5.9,0.0,48.0,38.0,57.0,0.0,0.0,6.3,7.8,3.3,310.0,320.0,11.2,15.2,,,,,,,
2022-11-15,-22.0,10281.0,10278.0,22.0,5.6,12.4,60.0,49.0,82.0,0.0,0.0,4.9,8.9,2.2,60.0,60.0,13.0,16.1,1.0,,,,,,
2022-11-16,17.0,10132.0,10125.0,50.0,7.6,5.1,68.0,47.0,90.0,0.0,0.0,7.3,10.6,3.9,60.0,60.0,13.0,16.1,1.0,,,,,,
2022-11-17,-50.0,10142.0,10125.0,17.0,7.0,0.0,47.0,37.0,57.0,0.0,0.0,5.7,8.3,3.9,260.0,270.0,11.6,14.8,,,,,,,
2022-11-18,-72.0,10193.0,10176.0,0.0,7.2,0.0,44.0,28.0,62.0,0.0,0.0,4.5,6.7,2.2,230.0,250.0,11.2,14.8,,,,,,,
2022-11-19,-94.0,10213.0,10203.0,-11.0,5.0,0.0,42.0,30.0,52.0,0.0,0.0,2.8,5.0,0.0,270.0,260.0,9.4,13.0,,,,,,,
2022-11-20,-122.0,10207.0,10179.0,-22.0,8.2,0.0,34.0,28.0,55.0,0.0,0.0,2.7,4.4,-0.5,280.0,280.0,14.3,18.8,,,,,,,
2022-11-21,-111.0,10284.0,10274.0,-22.0,5.1,0.0,37.0,23.0,53.0,0.0,0.0,1.1,5.6,-1.6,210.0,240.0,10.3,14.3,,,,,,1.0,
2022-11-22,-61.0,10257.0,10247.0,22.0,4.0,0.0,38.0,29.0,53.0,0.0,0.0,6.6,10.6,3.9,240.0,230.0,7.6,10.3,,,,,,,
2022-11-23,-44.0,10234.0,10213.0,39.0,3.4,0.0,37.0,30.0,54.0,0.0,0.0,9.4,12.8,6.1,300.0,300.0,7.2,9.4,,,,,,,
2022-11-24,6.0,10271.0,10261.0,50.0,2.8,0.0,60.0,47.0,69.0,0.0,0.0,8.1,11.7,5.0,170.0,170.0,5.8,6.7,,,,,,,
2022-11-25,28.0,10129.0,10129.0,67.0,6.0,0.0,64.0,44.0,83.0,0.0,0.0,10.0,13.3,8.3,320.0,320.0,14.3,17.9,,,,,,,
2022-11-26,-33.0,10156.0,10139.0,44.0,5.9,0.0,40.0,29.0,52.0,0.0,0.0,9.3,13.9,6.7,320.0,320.0,12.5,14.8,,,,,,,
2022-11-27,39.0,10051.0,10058.0,78.0,4.8,13.7,63.0,37.0,90.0,0.0,0.0,10.7,16.1,9.4,260.0,270.0,11.6,15.7,1.0,,,,,1.0,
2022-11-28,28.0,10068.0,10030.0,67.0,7.2,0.0,59.0,52.0,75.0,0.0,0.0,12.2,13.3,5.6,260.0,250.0,13.4,16.5,,,,,,,
2022-11-29,-28.0,10244.0,10224.0,17.0,2.7,0.0,58.0,51.0,63.0,0.0,0.0,5.4,6.7,3.3,330.0,60.0,5.8,8.9,,,,,,,
2022-11-30,39.0,10132.0,10129.0,72.0,6.5,10.9,70.0,41.0,87.0,0.0,0.0,8.4,15.0,3.9,180.0,180.0,16.1,21.5,1.0,,,,,,
2022-12-01,-78.0,10237.0,10207.0,0.0,7.6,0.0,41.0,37.0,50.0,0.0,0.0,5.7,6.7,2.2,290.0,310.0,12.5,15.2,,,,,,,
2022-12-02,-56.0,10325.0,10315.0,6.0,3.0,0.0,50.0,38.0,61.0,0.0,0.0,3.4,7.2,1.1,290.0,290.0,7.6,8.9,,,,,,,
2022-12-03,61.0,10196.0,10193.0,89.0,5.8,10.4,72.0,44.0,84.0,0.0,0.0,10.6,15.0,7.2,310.0,290.0,13.0,18.8,1.0,,,,,,
2022-12-04,-61.0,10220.0,10207.0,11.0,4.3,0.0,42.0,35.0,49.0,0.0,0.0,7.0,7.8,3.9,320.0,300.0,10.3,13.9,,,,,,,
2022-12-05,-50.0,10247.0,10230.0,17.0,2.4,0.0,50.0,24.0,73.0,0.0,0.0,5.4,8.3,2.2,170.0,170.0,5.4,6.7,,,,,,,
2022-12-06,78.0,10254.0,10244.0,94.0,4.6,19.8,81.0,74.0,90.0,0.0,0.0,9.3,15.6,5.0,160.0,180.0,10.3,14.3,1.0,,,,,1.0,
2022-12-07,117.0,10207.0,10196.0,128.0,3.8,9.1,88.0,77.0,93.0,0.0,0.0,13.8,15.0,12.8,170.0,170.0,10.3,13.4,1.0,,,,,,
2022-12-08,28.0,10224.0,10207.0,67.0,5.2,0.0,60.0,48.0,72.0,0.0,0.0,11.6,13.3,5.6,360.0,330.0,8.9,11.2,,,,,,,
2022-12-09,-56.0,10254.0,10237.0,6.0,5.0,0.0,50.0,35.0,65.0,0.0,0.0,5.3,7.2,2.2,350.0,330.0,7.6,10.7,,,,,,,
2022-12-10,-56.0,10281.0,10268.0,-6.0,4.7,0.0,58.0,40.0,70.0,0.0,0.0,2.2,3.9,-0.5,40.0,50.0,8.9,11.2,,,,,,,
2022-12-11,-6.0,10227.0,10224.0,17.0,5.7,6.4,77.0,70.0,85.0,3.0,0.0,3.4,5.0,0.6,60.0,60.0,9.4,10.7,1.0,,,,,,
2022-12-12,-33.0,10217.0,10196.0,-6.0,5.2,0.0,71.0,58.0,88.0,8.0,0.0,1.6,3.3,-1.0,330.0,360.0,9.4,11.2,1.0,,,,,,
2022-12-13,-78.0,10240.0,10234.0,-22.0,5.1,0.0,54.0,35.0,69.0,0.0,0.0,0.3,5.0,-2.7,310.0,350.0,8.9,10.7,,,,,,,
2022-12-14,-78.0,10207.0,10190.0,-17.0,6.0,0.0,51.0,39.0,64.0,0.0,0.0,1.7,4.4,0.0,300.0,300.0,9.4,12.5,,,,,,,
2022-12-15,-6.0,10203.0,10203.0,22.0,6.3,15.0,73.0,61.0,82.0,0.0,0.0,2.7,6.7,0.6,70.0,70.0,13.0,16.5,,,,,,,
2022-12-16,33.0,10041.0,10034.0,44.0,9.1,13.7,85.0,79.0,89.0,0.0,0.0,6.2,8.3,3.9,70.0,50.0,13.4,17.4,1.0,,,,,,
2022-12-17,-33.0,10068.0,10047.0,17.0,6.7,0.0,55.0,39.0,83.0,0.0,0.0,5.0,7.2,2.8,270.0,260.0,10.3,13.0,,,,,,,
2022-12-18,-67.0,10135.0,10115.0,-6.0,6.3,0.0,51.0,45.0,59.0,0.0,0.0,3.1,4.4,1.1,270.0,280.0,10.7,14.3,,,,,,,
2022-12-19,-72.0,10230.0,10207.0,-17.0,7.2,0.0,52.0,46.0,59.0,0.0,0.0,1.7,3.9,0.0,310.0,310.0,13.0,15.2,,,,,,,
2022-12-20,-72.0,10288.0,10274.0,-11.0,5.2,0.0,52.0,41.0,61.0,0.0,0.0,1.9,4.4,0.0,330.0,320.0,9.4,11.6,,,,,,,
2022-12-21,-67.0,10322.0,10312.0,-17.0,2.1,0.0,55.0,41.0,69.0,0.0,0.0,1.0,5.0,-1.6,50.0,70.0,4.0,6.7,,,,,,,
2022-12-22,11.0,10237.0,10254.0,33.0,6.0,5.3,78.0,59.0,89.0,0.0,0.0,3.8,8.3,1.1,60.0,60.0,12.5,15.7,1.0,,,,,,
2022-12-23,-22.0,9932.0,9915.0,11.0,10.9,24.1,70.0,42.0,92.0,0.0,0.0,7.5,15.0,-12.7,140.0,270.0,17.4,25.0,1.0,,1.0,1.0,,1.0,
2022-12-24,-211.0,10095.0,10071.0,-133.0,8.8,0.0,42.0,38.0,47.0,0.0,0.0,-11.7,-8.8,-13.8,260.0,260.0,14.8,18.8,,,,,,,
2022-12-25,-161.0,10135.0,10119.0,-83.0,7.4,0.0,46.0,37.0,54.0,0.0,0.0,-6.9,-2.1,-9.3,260.0,260.0,11.2,15.2,,,,,,,
2022-12-26,-144.0,10227.0,10210.0,-67.0,5.3,0.0,44.0,38.0,55.0,0.0,0.0,-4.7,-1.0,-7.1,270.0,270.0,9.8,12.5,,,,,,,
2022-12-27,-106.0,10251.0,10240.0,-33.0,4.4,0.0,45.0,36.0,54.0,0.0,0.0,-0.7,1.7,-1.6,270.0,280.0,7.6,10.7,,,,,,,
2022-12-28,-61.0,10261.0,10247.0,6.0,3.4,0.0,46.0,33.0,61.0,0.0,0.0,3.4,8.3,0.6,230.0,220.0,7.6,10.7,,,,,,,
2022-12-29,-39.0,10257.0,10240.0,28.0,3.4,0.0,47.0,38.0,57.0,0.0,0.0,6.4,10.6,3.3,220.0,220.0,6.3,7.2,,,,,,,
2022-12-30,6.0,10244.0,10234.0,56.0,2.5,0.0,55.0,36.0,74.0,0.0,0.0,9.3,15.6,3.3,210.0,210.0,5.8,7.6,,,,,,,
2022-12-31,67.0,10149.0,10152.0,72.0,2.1,7.9,89.0,77.0,97.0,0.0,0.0,8.2,12.8,5.6,220.0,230.0,4.5,6.7,1.0,1.0,,,,1.0,
